game_id,sport,season,week,home_team,away_team,network,conference,location_type,location_city,location_state,is_rivalry,is_ranked_matchup,is_prime_time,viewership_millions,avg_viewers,is_estimate,game_date,gender,opponent,source_sheet
AZ-baseball-2024-0002,baseball,2024,31,Arizona,Texas A&M,Astros.com,Big 12,neutral,Tucson,AZ,0,1,1,0.005,5000.0,1,2025-02-28,Mens,Texas A&M,Arizona Jersey Patch Valuation .xlsx:Valuation (24-25 Data)
AZ-baseball-2024-0003,baseball,2024,31,Arizona,Mississippi State,Astros.com,Big 12,neutral,Tucson,AZ,0,1,0,0.005,5000.0,1,2025-03-01,Mens,Mississippi State,Arizona Jersey Patch Valuation .xlsx:Valuation (24-25 Data)
AZ-baseball-2024-0004,baseball,2024,31,Arizona,Tennessee,Astros.com,Big 12,neutral,Tucson,AZ,0,1,0,0.005,5000.0,1,2025-03-02,Mens,Tennessee,Arizona Jersey Patch Valuation .xlsx:Valuation (24-25 Data)
AZ-baseball-2024-0005,baseball,2024,46,Arizona,Coastal Carolina,ESPN,Big 12,neutral,Tucson,AZ,0,1,0,0.9,900000.0,1,2025-06-13,Mens,Coastal Carolina,Arizona Jersey Patch Valuation .xlsx:Valuation (24-25 Data)
AZ-baseball-2024-0006,baseball,2024,46,Arizona,Louisville,ESPN,Big 12,neutral,Tucson,AZ,0,0,0,1.0,1000000.0,1,2025-06-15,Mens,Louisville,Arizona Jersey Patch Valuation .xlsx:Valuation (24-25 Data)
AZ-baseball-2024-0007,baseball,2024,29,Arizona,New Mexico,ESPN+,Non-Conference,home,Tucson,AZ,0,0,0,0.005467,5467.0,0,2025-02-18,Mens,New Mexico,Arizona Jersey Patch Valuation .xlsx:Valuation (24-25 Data)
AZ-baseball-2024-0008,baseball,2024,30,Arizona,San Diego,ESPN+,Non-Conference,home,Tucson,AZ,0,0,1,0.008595,8595.0,0,2025-02-21,Mens,San Diego,Arizona Jersey Patch Valuation .xlsx:Valuation (24-25 Data)
AZ-baseball-2024-0009,baseball,2024,30,Arizona,San Diego,ESPN+,Non-Conference,home,Tucson,AZ,0,0,0,0.007587,7587.0,0,2025-02-22,Mens,San Diego,Arizona Jersey Patch Valuation .xlsx:Valuation (24-25 Data)
AZ-baseball-2024-0010,baseball,2024,30,Arizona,San Diego,ESPN+,Non-Conference,home,Tucson,AZ,0,0,0,0.004362,4362.0,0,2025-02-23,Mens,San Diego,Arizona Jersey Patch Valuation .xlsx:Valuation (24-25 Data)
AZ-baseball-2024-0011,baseball,2024,30,Rice,Arizona,ESPN+,Non-Conference,away,Unknown,ST,0,0,0,0.010548,10548.0,1,2025-02-26,Mens,Rice,Arizona Jersey Patch Valuation .xlsx:Valuation (24-25 Data)
AZ-baseball-2024-0012,baseball,2024,32,Arizona,Pepperdine,ESPN+,Non-Conference,home,Tucson,AZ,0,0,1,0.00328,3280.0,0,2025-03-06,Mens,Pepperdine,Arizona Jersey Patch Valuation .xlsx:Valuation (24-25 Data)
AZ-baseball-2024-0013,baseball,2024,32,Arizona,Pepperdine,ESPN+,Non-Conference,home,Tucson,AZ,0,0,1,0.00091,910.0,0,2025-03-07,Mens,Pepperdine,Arizona Jersey Patch Valuation .xlsx:Valuation (24-25 Data)
AZ-baseball-2024-0014,baseball,2024,32,Arizona,Pepperdine,ESPN+,Non-Conference,home,Tucson,AZ,0,0,1,0.001131,1131.0,0,2025-03-08,Mens,Pepperdine,Arizona Jersey Patch Valuation .xlsx:Valuation (24-25 Data)
AZ-baseball-2024-0015,baseball,2024,32,Arizona,Pepperdine,ESPN+,Non-Conference,home,Tucson,AZ,0,0,0,0.001237,1237.0,0,2025-03-09,Mens,Pepperdine,Arizona Jersey Patch Valuation .xlsx:Valuation (24-25 Data)
AZ-baseball-2024-0016,baseball,2024,32,Arizona,Arizona State,ESPN+,Big 12,home,Tucson,AZ,0,0,1,0.003811,3811.0,0,2025-03-11,Mens,Arizona State,Arizona Jersey Patch Valuation .xlsx:Valuation (24-25 Data)
AZ-baseball-2024-0017,baseball,2024,33,Arizona,Cincinnati,ESPN+,Big 12,home,Tucson,AZ,0,0,1,0.002789,2789.0,0,2025-03-14,Mens,Cincinnati,Arizona Jersey Patch Valuation .xlsx:Valuation (24-25 Data)
AZ-baseball-2024-0018,baseball,2024,33,Arizona,Cincinnati,ESPN+,Big 12,home,Tucson,AZ,0,0,1,0.002351,2351.0,0,2025-03-15,Mens,Cincinnati,Arizona Jersey Patch Valuation .xlsx:Valuation (24-25 Data)
AZ-baseball-2024-0019,baseball,2024,33,Arizona,Cincinnati,ESPN+,Big 12,home,Tucson,AZ,0,0,0,0.000822,822.0,0,2025-03-16,Mens,Cincinnati,Arizona Jersey Patch Valuation .xlsx:Valuation (24-25 Data)
AZ-baseball-2024-0020,baseball,2024,33,Arizona,Kansas,ESPN+,Big 12,home,Tucson,AZ,0,0,1,0.002245,2245.0,0,2025-03-18,Mens,Kansas,Arizona Jersey Patch Valuation .xlsx:Valuation (24-25 Data)
AZ-baseball-2024-0021,baseball,2024,34,West Virginia,Arizona,ESPN+,Big 12,away,Unknown,ST,0,0,0,0.026311,26311.0,0,2025-03-21,Mens,West Virginia,Arizona Jersey Patch Valuation .xlsx:Valuation (24-25 Data)
AZ-baseball-2024-0022,baseball,2024,34,West Virginia,Arizona,ESPN+,Big 12,away,Unknown,ST,0,0,0,0.012429,12429.0,0,2025-03-22,Mens,West Virginia,Arizona Jersey Patch Valuation .xlsx:Valuation (24-25 Data)
AZ-baseball-2024-0023,baseball,2024,34,West Virginia,Arizona,ESPN+,Big 12,away,Unknown,ST,0,0,0,0.017036,17036.0,0,2025-03-23,Mens,West Virginia,Arizona Jersey Patch Valuation .xlsx:Valuation (24-25 Data)
AZ-baseball-2024-0024,baseball,2024,34,Arizona,Seattle U,ESPN+,Non-Conference,home,Tucson,AZ,0,0,1,0.004739,4739.0,0,2025-03-26,Mens,Seattle U,Arizona Jersey Patch Valuation .xlsx:Valuation (24-25 Data)
AZ-baseball-2024-0025,baseball,2024,35,Arizona,Baylor,ESPN+,Big 12,home,Tucson,AZ,0,0,1,0.001923,1923.0,0,2025-03-28,Mens,Baylor,Arizona Jersey Patch Valuation .xlsx:Valuation (24-25 Data)
AZ-baseball-2024-0026,baseball,2024,35,Arizona,Baylor,ESPN+,Big 12,home,Tucson,AZ,0,0,1,0.003721,3721.0,0,2025-03-29,Mens,Baylor,Arizona Jersey Patch Valuation .xlsx:Valuation (24-25 Data)
AZ-baseball-2024-0027,baseball,2024,35,Arizona,Baylor,ESPN+,Big 12,home,Tucson,AZ,0,0,0,0.001571,1571.0,0,2025-03-30,Mens,Baylor,Arizona Jersey Patch Valuation .xlsx:Valuation (24-25 Data)
AZ-baseball-2024-0028,baseball,2024,35,Grand Canyon,Arizona,ESPN+,Non-Conference,away,Unknown,ST,0,0,1,0.010548,10548.0,1,2025-04-01,Mens,Grand Canyon,Arizona Jersey Patch Valuation .xlsx:Valuation (24-25 Data)
AZ-baseball-2024-0029,baseball,2024,36,Arizona State,Arizona,ESPN+,Big 12,away,Unknown,ST,0,1,1,0.010548,10548.0,1,2025-04-04,Mens,Arizona State,Arizona Jersey Patch Valuation .xlsx:Valuation (24-25 Data)
AZ-baseball-2024-0030,baseball,2024,36,Arizona State,Arizona,ESPN+,Big 12,away,Unknown,ST,0,1,1,0.010548,10548.0,1,2025-04-05,Mens,Arizona State,Arizona Jersey Patch Valuation .xlsx:Valuation (24-25 Data)
AZ-baseball-2024-0031,baseball,2024,36,Arizona,New Mexico State,ESPN+,Non-Conference,home,Tucson,AZ,0,0,1,0.001976,1976.0,0,2025-04-08,Mens,New Mexico State,Arizona Jersey Patch Valuation .xlsx:Valuation (24-25 Data)
AZ-baseball-2024-0032,baseball,2024,37,Arizona,Oklahoma State,ESPN+,Big 12,home,Tucson,AZ,0,0,1,0.004926,4926.0,0,2025-04-11,Mens,Oklahoma State,Arizona Jersey Patch Valuation .xlsx:Valuation (24-25 Data)
AZ-baseball-2024-0033,baseball,2024,37,Arizona,Oklahoma State,ESPN+,Big 12,home,Tucson,AZ,0,0,1,0.005458,5458.0,0,2025-04-12,Mens,Oklahoma State,Arizona Jersey Patch Valuation .xlsx:Valuation (24-25 Data)
AZ-baseball-2024-0034,baseball,2024,37,Arizona,Oklahoma State,ESPN+,Big 12,home,Tucson,AZ,0,0,0,0.002906,2906.0,0,2025-04-13,Mens,Oklahoma State,Arizona Jersey Patch Valuation .xlsx:Valuation (24-25 Data)
AZ-baseball-2024-0035,baseball,2024,37,Arizona,Grand Canyon,ESPN+,Non-Conference,home,Tucson,AZ,0,0,1,0.00149,1490.0,0,2025-04-15,Mens,Grand Canyon,Arizona Jersey Patch Valuation .xlsx:Valuation (24-25 Data)
AZ-baseball-2024-0036,baseball,2024,38,BYU,Arizona,ESPN+,Big 12,away,Unknown,ST,0,0,0,0.010548,10548.0,1,2025-04-17,Mens,BYU,Arizona Jersey Patch Valuation .xlsx:Valuation (24-25 Data)
AZ-baseball-2024-0037,baseball,2024,38,BYU,Arizona,ESPN+,Big 12,away,Unknown,ST,0,0,0,0.010548,10548.0,1,2025-04-18,Mens,BYU,Arizona Jersey Patch Valuation .xlsx:Valuation (24-25 Data)
AZ-baseball-2024-0038,baseball,2024,38,BYU,Arizona,ESPN+,Big 12,away,Unknown,ST,0,0,0,0.010548,10548.0,1,2025-04-19,Mens,BYU,Arizona Jersey Patch Valuation .xlsx:Valuation (24-25 Data)
AZ-baseball-2024-0039,baseball,2024,38,Arizona,UT Arlington,ESPN+,Non-Conference,home,Tucson,AZ,0,0,1,0.001499,1499.0,0,2025-04-23,Mens,UT Arlington,Arizona Jersey Patch Valuation .xlsx:Valuation (24-25 Data)
AZ-baseball-2024-0040,baseball,2024,39,Texas Tech,Arizona,ESPN+,Big 12,away,Unknown,ST,0,0,0,0.010548,10548.0,1,2025-04-25,Mens,Texas Tech,Arizona Jersey Patch Valuation .xlsx:Valuation (24-25 Data)
AZ-baseball-2024-0041,baseball,2024,39,Texas Tech,Arizona,ESPN+,Big 12,away,Unknown,ST,0,0,0,0.010548,10548.0,1,2025-04-26,Mens,Texas Tech,Arizona Jersey Patch Valuation .xlsx:Valuation (24-25 Data)
AZ-baseball-2024-0043,baseball,2024,39,Texas Tech,Arizona,ESPN+,Big 12,away,Unknown,ST,0,0,0,0.010548,10548.0,1,2025-04-27,Mens,Texas Tech,Arizona Jersey Patch Valuation .xlsx:Valuation (24-25 Data)
AZ-baseball-2024-0044,baseball,2024,39,Arizona,New Mexico State,ESPN+,Non-Conference,home,Tucson,AZ,0,0,1,0.001357,1357.0,0,2025-04-29,Mens,New Mexico State,Arizona Jersey Patch Valuation .xlsx:Valuation (24-25 Data)
AZ-baseball-2024-0045,baseball,2024,40,Arizona,TCU,ESPN+,Big 12,home,Tucson,AZ,0,0,1,0.010548,10548.0,1,2025-05-02,Mens,TCU,Arizona Jersey Patch Valuation .xlsx:Valuation (24-25 Data)
AZ-baseball-2024-0046,baseball,2024,40,Arizona,TCU,ESPN+,Big 12,home,Tucson,AZ,0,0,1,0.010548,10548.0,1,2025-05-03,Mens,TCU,Arizona Jersey Patch Valuation .xlsx:Valuation (24-25 Data)
AZ-baseball-2024-0047,baseball,2024,40,Arizona,TCU,ESPN+,Big 12,home,Tucson,AZ,0,0,0,0.010548,10548.0,1,2025-05-04,Mens,TCU,Arizona Jersey Patch Valuation .xlsx:Valuation (24-25 Data)
AZ-baseball-2024-0048,baseball,2024,40,Grand Canyon,Arizona,ESPN+,Non-Conference,away,Unknown,ST,0,0,1,0.010548,10548.0,1,2025-05-06,Mens,Grand Canyon,Arizona Jersey Patch Valuation .xlsx:Valuation (24-25 Data)
AZ-baseball-2024-0049,baseball,2024,41,Arizona,Utah,ESPN+,Big 12,home,Tucson,AZ,0,0,1,0.010548,10548.0,1,2025-05-09,Mens,Utah,Arizona Jersey Patch Valuation .xlsx:Valuation (24-25 Data)
AZ-baseball-2024-0050,baseball,2024,41,Arizona,Utah,ESPN+,Big 12,home,Tucson,AZ,0,0,1,0.010548,10548.0,1,2025-05-10,Mens,Utah,Arizona Jersey Patch Valuation .xlsx:Valuation (24-25 Data)
AZ-baseball-2024-0051,baseball,2024,41,Arizona,Utah,ESPN+,Big 12,home,Tucson,AZ,0,0,0,0.010548,10548.0,1,2025-05-11,Mens,Utah,Arizona Jersey Patch Valuation .xlsx:Valuation (24-25 Data)
AZ-baseball-2024-0052,baseball,2024,42,Houston,Arizona,ESPN+,Big 12,away,Unknown,ST,0,0,0,0.010548,10548.0,1,2025-05-15,Mens,Houston,Arizona Jersey Patch Valuation .xlsx:Valuation (24-25 Data)
AZ-baseball-2024-0053,baseball,2024,42,Houston,Arizona,ESPN+,Big 12,away,Unknown,ST,0,0,0,0.010548,10548.0,1,2025-05-16,Mens,Houston,Arizona Jersey Patch Valuation .xlsx:Valuation (24-25 Data)
AZ-baseball-2024-0054,baseball,2024,42,Houston,Arizona,ESPN+,Big 12,away,Unknown,ST,0,0,0,0.010548,10548.0,1,2025-05-17,Mens,Houston,Arizona Jersey Patch Valuation .xlsx:Valuation (24-25 Data)
AZ-baseball-2024-0055,baseball,2024,43,Arizona,BYU,ESPN+,Big 12,neutral,Tucson,AZ,0,0,0,0.012658,12657.6,1,2025-05-22,Mens,BYU,Arizona Jersey Patch Valuation .xlsx:Valuation (24-25 Data)
AZ-baseball-2024-0056,baseball,2024,43,Arizona,West Virginia,ESPN+,Big 12,neutral,Tucson,AZ,0,0,0,0.012658,12657.6,1,2025-05-23,Mens,West Virginia,Arizona Jersey Patch Valuation .xlsx:Valuation (24-25 Data)
AZ-baseball-2024-0057,baseball,2024,44,Arizona,Cal Poly,ESPN+,Big 12,neutral,Tucson,AZ,0,0,0,0.010548,10548.0,1,2025-05-30,Mens,Cal Poly,Arizona Jersey Patch Valuation .xlsx:Valuation (24-25 Data)
AZ-baseball-2024-0058,baseball,2024,44,Arizona,Utah Valley,ESPN+,Big 12,neutral,Tucson,AZ,0,0,1,0.010548,10548.0,1,2025-05-31,Mens,Utah Valley,Arizona Jersey Patch Valuation .xlsx:Valuation (24-25 Data)
AZ-baseball-2024-0059,baseball,2024,44,Arizona,Cal Poly,ESPN+,Big 12,neutral,Tucson,AZ,0,0,1,0.010548,10548.0,1,2025-06-01,Mens,Cal Poly,Arizona Jersey Patch Valuation .xlsx:Valuation (24-25 Data)
AZ-baseball-2024-0060,baseball,2024,36,Arizona State,Arizona,ESPN2,Big 12,away,Unknown,ST,0,1,0,0.35,350000.0,1,2025-04-06,Mens,Arizona State,Arizona Jersey Patch Valuation .xlsx:Valuation (24-25 Data)
AZ-baseball-2024-0061,baseball,2024,45,Arizona,North Carolina,ESPN2,Big 12,neutral,Tucson,AZ,0,1,0,0.139,139000.0,1,2025-06-06,Mens,North Carolina,Arizona Jersey Patch Valuation .xlsx:Valuation (24-25 Data)
AZ-baseball-2024-0062,baseball,2024,45,Arizona,North Carolina,ESPN2,Big 12,neutral,Tucson,AZ,0,1,0,0.139,139000.0,1,2025-06-07,Mens,North Carolina,Arizona Jersey Patch Valuation .xlsx:Valuation (24-25 Data)
AZ-baseball-2024-0063,baseball,2024,45,Arizona,North Carolina,ESPN2,Big 12,neutral,Tucson,AZ,0,1,0,0.139,139000.0,1,2025-06-08,Mens,North Carolina,Arizona Jersey Patch Valuation .xlsx:Valuation (24-25 Data)
AZ-baseball-2024-0064,baseball,2024,43,Arizona,TCU,ESPNU,Big 12,neutral,Tucson,AZ,0,1,0,0.45,450000.0,1,2025-05-24,Mens,TCU,Arizona Jersey Patch Valuation .xlsx:Valuation (24-25 Data)
AZ-baseball-2024-0065,baseball,2024,29,Arizona,Ole Miss,FloCollege,Big 12,neutral,Tucson,AZ,0,0,0,0.005,5000.0,1,2025-02-14,Mens,Ole Miss,Arizona Jersey Patch Valuation .xlsx:Valuation (24-25 Data)
AZ-baseball-2024-0066,baseball,2024,29,Arizona,Clemson,FloCollege,Big 12,neutral,Tucson,AZ,0,1,0,0.005,5000.0,1,2025-02-15,Mens,Clemson,Arizona Jersey Patch Valuation .xlsx:Valuation (24-25 Data)
AZ-baseball-2024-0067,baseball,2024,29,Arizona,Louisville,FloCollege,Big 12,neutral,Tucson,AZ,0,0,0,0.005,5000.0,1,2025-02-16,Mens,Louisville,Arizona Jersey Patch Valuation .xlsx:Valuation (24-25 Data)
AZ-mens_basketball-2024-0068,mens_basketball,2024,19,Arizona,Southern Utah,CBSSN,Non-Conference,home,Tucson,AZ,0,0,0,0.375,375000.0,1,2024-12-07,Mens,Southern Utah,Arizona Jersey Patch Valuation .xlsx:Valuation (24-25 Data)
AZ-mens_basketball-2024-0069,mens_basketball,2024,24,Arizona,UCF,ESPN,Big 12,home,Tucson,AZ,0,1,1,0.875,875000.0,1,2025-01-11,Mens,UCF,Arizona Jersey Patch Valuation .xlsx:Valuation (24-25 Data)
AZ-mens_basketball-2024-0070,mens_basketball,2024,24,Arizona,Baylor,ESPN,Big 12,home,Tucson,AZ,0,1,1,1.05,1050000.0,1,2025-01-14,Mens,Baylor,Arizona Jersey Patch Valuation .xlsx:Valuation (24-25 Data)
AZ-mens_basketball-2024-0071,mens_basketball,2024,26,Arizona,Iowa State,ESPN,Big 12,home,Tucson,AZ,0,1,1,1.15,1150000.0,1,2025-01-27,Mens,Iowa State,Arizona Jersey Patch Valuation .xlsx:Valuation (24-25 Data)
AZ-mens_basketball-2024-0072,mens_basketball,2024,28,Arizona,Texas Tech,ESPN,Big 12,home,Tucson,AZ,0,1,1,1.2,1200000.0,1,2025-02-08,Mens,Texas Tech,Arizona Jersey Patch Valuation .xlsx:Valuation (24-25 Data)
AZ-mens_basketball-2024-0073,mens_basketball,2024,16,Wisconsin,Arizona,Peacock,Non-Conference,away,Unknown,ST,0,1,1,0.11,110000.0,1,2024-11-15,Mens,Wisconsin,Arizona Jersey Patch Valuation .xlsx:Valuation (24-25 Data)
AZ-mens_basketball-2024-0074,mens_basketball,2024,29,Arizona,Houston,ESPN,Big 12,home,Tucson,AZ,0,1,0,0.7,700000.0,0,2025-02-15,Mens,Houston,Arizona Jersey Patch Valuation .xlsx:Valuation (24-25 Data)
AZ-mens_basketball-2024-0075,mens_basketball,2024,17,Arizona,Davidson,ESPN2,Non-Conference,home,Tucson,AZ,0,1,0,0.475,475000.0,1,2024-11-27,Mens,Davidson,Arizona Jersey Patch Valuation .xlsx:Valuation (24-25 Data)
AZ-mens_basketball-2024-0076,mens_basketball,2024,18,Arizona,Oklahoma,ESPN,Non-Conference,home,Tucson,AZ,0,1,0,0.6,600000.0,0,2024-11-28,Mens,Oklahoma,Arizona Jersey Patch Valuation .xlsx:Valuation (24-25 Data)
AZ-mens_basketball-2024-0077,mens_basketball,2024,18,Arizona,West Virginia,ESPN2,Non-Conference,home,Tucson,AZ,0,1,0,0.65,650000.0,1,2024-11-29,Mens,West Virginia,Arizona Jersey Patch Valuation .xlsx:Valuation (24-25 Data)
AZ-mens_basketball-2024-0078,mens_basketball,2024,30,Arizona,BYU,ESPN,Big 12,home,Tucson,AZ,0,1,1,1.15,1150000.0,1,2025-02-22,Mens,BYU,Arizona Jersey Patch Valuation .xlsx:Valuation (24-25 Data)
AZ-mens_basketball-2024-0079,mens_basketball,2024,31,Arizona,Arizona State,ESPN,Big 12,home,Tucson,AZ,0,1,1,1.05,1050000.0,1,2025-03-04,Mens,Arizona State,Arizona Jersey Patch Valuation .xlsx:Valuation (24-25 Data)
AZ-mens_basketball-2024-0080,mens_basketball,2024,10,Arizona,Arizona Red and Blue Showcase,ESPN+,Big 12,home,Tucson,AZ,0,1,1,0.002816,2816.0,0,2024-10-05,Mens,Arizona Red and Blue Showcase,Arizona Jersey Patch Valuation .xlsx:Valuation (24-25 Data)
AZ-mens_basketball-2024-0081,mens_basketball,2024,12,Arizona,Eastern New Mexico,ESPN+,Divsion II,home,Tucson,AZ,0,1,1,0.005276,5276.0,0,2024-10-21,Mens,Eastern New Mexico,Arizona Jersey Patch Valuation .xlsx:Valuation (24-25 Data)
AZ-mens_basketball-2024-0082,mens_basketball,2024,13,Arizona,Point Loma,ESPN+,Divsion II,home,Tucson,AZ,0,1,1,0.007,7000.0,0,2024-10-28,Mens,Point Loma,Arizona Jersey Patch Valuation .xlsx:Valuation (24-25 Data)
AZ-mens_basketball-2024-0083,mens_basketball,2024,23,Cincinnati,Arizona,ESPN2,Big 12,away,Unknown,ST,0,1,0,0.625,625000.0,1,2025-01-04,Mens,Cincinnati,Arizona Jersey Patch Valuation .xlsx:Valuation (24-25 Data)
AZ-mens_basketball-2024-0084,mens_basketball,2024,23,West Virginia,Arizona,ESPN+,Big 12,away,Unknown,ST,0,1,0,0.067236,67236.0,0,2025-01-07,Mens,West Virginia,Arizona Jersey Patch Valuation .xlsx:Valuation (24-25 Data)
AZ-mens_basketball-2024-0085,mens_basketball,2024,14,Arizona,Canisius University,ESPN+,Non-Conference,home,Tucson,AZ,0,1,1,0.00794,7940.0,0,2024-11-04,Mens,Canisius University,Arizona Jersey Patch Valuation .xlsx:Valuation (24-25 Data)
AZ-mens_basketball-2024-0086,mens_basketball,2024,15,Arizona,Old Dominion,ESPN+,Non-Conference,home,Tucson,AZ,0,1,0,0.011806,11806.0,0,2024-11-09,Mens,Old Dominion,Arizona Jersey Patch Valuation .xlsx:Valuation (24-25 Data)
AZ-mens_basketball-2024-0087,mens_basketball,2024,25,Texas Tech,Arizona,ESPN2,Big 12,away,Unknown,ST,0,1,0,0.7,700000.0,1,2025-01-18,Mens,Texas Tech,Arizona Jersey Patch Valuation .xlsx:Valuation (24-25 Data)
AZ-mens_basketball-2024-0088,mens_basketball,2024,25,Oklahoma State,Arizona,ESPNU,Big 12,away,Unknown,ST,0,1,1,0.325,325000.0,1,2025-01-21,Mens,Oklahoma State,Arizona Jersey Patch Valuation .xlsx:Valuation (24-25 Data)
AZ-mens_basketball-2024-0089,mens_basketball,2024,20,Arizona,Samford,ESPN+,Non-Conference,home,Tucson,AZ,0,0,1,0.012352,12352.0,0,2024-12-18,Mens,Samford,Arizona Jersey Patch Valuation .xlsx:Valuation (24-25 Data)
AZ-mens_basketball-2024-0090,mens_basketball,2024,21,Arizona,Central Michigan,ESPN+,Non-Conference,home,Tucson,AZ,0,0,0,0.007708,7708.0,0,2024-12-21,Mens,Central Michigan,Arizona Jersey Patch Valuation .xlsx:Valuation (24-25 Data)
AZ-mens_basketball-2024-0091,mens_basketball,2024,27,Arizona State,Arizona,CBS,Big 12,away,Unknown,ST,0,1,0,1.45,1450000.0,1,2025-02-01,Mens,Arizona State,Arizona Jersey Patch Valuation .xlsx:Valuation (24-25 Data)
AZ-mens_basketball-2024-0092,mens_basketball,2024,27,BYU,Arizona,ESPN,Big 12,away,Unknown,ST,0,1,1,0.95,950000.0,1,2025-02-04,Mens,BYU,Arizona Jersey Patch Valuation .xlsx:Valuation (24-25 Data)
AZ-mens_basketball-2024-0093,mens_basketball,2024,22,Arizona,TCU,ESPN+,Big 12,home,Tucson,AZ,0,0,1,0.015774,15774.0,0,2024-12-30,Mens,TCU,Arizona Jersey Patch Valuation .xlsx:Valuation (24-25 Data)
AZ-mens_basketball-2024-0094,mens_basketball,2024,28,Kansas State,Arizona,ESPN+,Big 12,away,Unknown,ST,0,1,1,0.083415,83415.0,0,2025-02-11,Mens,Kansas State,Arizona Jersey Patch Valuation .xlsx:Valuation (24-25 Data)
AZ-mens_basketball-2024-0095,mens_basketball,2024,26,Arizona,Colorado,ESPN+,Big 12,home,Tucson,AZ,0,1,0,0.016914,16914.0,0,2025-01-25,Mens,Colorado,Arizona Jersey Patch Valuation .xlsx:Valuation (24-25 Data)
AZ-mens_basketball-2024-0096,mens_basketball,2024,29,Baylor,Arizona,ESPN,Big 12,away,Unknown,ST,0,1,1,1.05,1050000.0,1,2025-02-17,Mens,Baylor,Arizona Jersey Patch Valuation .xlsx:Valuation (24-25 Data)
AZ-mens_basketball-2024-0097,mens_basketball,2024,30,Arizona,Utah,ESPN+,Big 12,home,Tucson,AZ,0,1,1,0.024011,24011.0,0,2025-02-26,Mens,Utah,Arizona Jersey Patch Valuation .xlsx:Valuation (24-25 Data)
AZ-mens_basketball-2024-0098,mens_basketball,2024,17,Arizona,Duke,ESPN2,Non-Conference,home,Tucson,AZ,0,1,1,2.2,2200000.0,0,2024-11-22,Mens,Duke,Arizona Jersey Patch Valuation .xlsx:Valuation (24-25 Data)
AZ-mens_basketball-2024-0099,mens_basketball,2024,31,Iowa State,Arizona,ESPN,Big 12,away,Unknown,ST,0,1,1,1.1,1100000.0,1,2025-03-01,Mens,Iowa State,Arizona Jersey Patch Valuation .xlsx:Valuation (24-25 Data)
AZ-mens_basketball-2024-0100,mens_basketball,2024,20,Arizona,UCLA,ESPN2,Non-Conference,home,Tucson,AZ,0,1,0,0.925,925000.0,1,2024-12-14,Mens,UCLA,Arizona Jersey Patch Valuation .xlsx:Valuation (24-25 Data)
AZ-mens_basketball-2024-0101,mens_basketball,2024,32,Kansas,Arizona,ESPN,Big 12,away,Unknown,ST,0,1,0,0.9,900000.0,0,2025-03-08,Mens,Kansas,Arizona Jersey Patch Valuation .xlsx:Valuation (24-25 Data)
AZ-mens_basketball-2024-0102,mens_basketball,2024,33,Arizona,Kansas,ESPN,Big 12,neutral,Tucson,AZ,0,1,1,0.234037,234037.0,0,2025-03-13,Mens,Kansas,Arizona Jersey Patch Valuation .xlsx:Valuation (24-25 Data)
AZ-mens_basketball-2024-0103,mens_basketball,2024,33,Arizona,Texas Tech,ESPN2,Big 12,neutral,Tucson,AZ,0,1,1,1.05,1050000.0,1,2025-03-14,Mens,Texas Tech,Arizona Jersey Patch Valuation .xlsx:Valuation (24-25 Data)
AZ-mens_basketball-2024-0104,mens_basketball,2024,33,Arizona,Houston,ESPN,Big 12,neutral,Tucson,AZ,0,1,0,2.24,2240000.0,0,2025-03-15,Mens,Houston,Arizona Jersey Patch Valuation .xlsx:Valuation (24-25 Data)
AZ-mens_basketball-2024-0105,mens_basketball,2024,33,Arizona,Kansas,ESPN+,Big 12,neutral,Tucson,AZ,0,1,1,0.086537,86537.0,0,2025-03-13,Mens,Kansas,Arizona Jersey Patch Valuation .xlsx:Valuation (24-25 Data)
AZ-mens_basketball-2024-0106,mens_basketball,2024,33,Arizona,Texas Tech,ESPN+,Big 12,neutral,Tucson,AZ,0,1,1,0.06972,69720.0,0,2025-03-14,Mens,Texas Tech,Arizona Jersey Patch Valuation .xlsx:Valuation (24-25 Data)
AZ-mens_basketball-2024-0107,mens_basketball,2024,33,Arizona,Houston,ESPN+,Big 12,neutral,Tucson,AZ,0,1,0,0.015307,15307.0,0,2025-03-15,Mens,Houston,Arizona Jersey Patch Valuation .xlsx:Valuation (24-25 Data)
AZ-mens_basketball-2024-0109,mens_basketball,2024,34,Arizona,Akron,TruTV,MAC,neutral,Tucson,AZ,0,0,0,0.881,881000.0,0,2025-03-21,Mens,Akron,Arizona Jersey Patch Valuation .xlsx:Valuation (24-25 Data)
AZ-mens_basketball-2024-0110,mens_basketball,2024,34,Arizona,Oregon,TBS,Big Ten,neutral,Tucson,AZ,0,1,1,1.4,1400000.0,1,2025-03-23,Mens,Oregon,Arizona Jersey Patch Valuation .xlsx:Valuation (24-25 Data)
AZ-mens_basketball-2024-0111,mens_basketball,2024,35,Arizona,Duke,CBS,ACC,neutral,Tucson,AZ,0,1,1,6.57,6570000.0,0,2025-03-27,Mens,Duke,Arizona Jersey Patch Valuation .xlsx:Valuation (24-25 Data)
AZ-womens_basketball-2024-0112,womens_basketball,2024,13,Arizona,West Texas A&M,ESPN+,Big 12,home,Tucson,AZ,0,0,1,0.004587,4587.0,0,2024-10-25,Womens,West Texas A&M,Arizona Jersey Patch Valuation .xlsx:Valuation (24-25 Data)
AZ-womens_basketball-2024-0113,womens_basketball,2024,13,Arizona,Cal State LA,ESPN+,Big 12,home,Tucson,AZ,0,0,1,0.00481,4810.0,0,2024-10-29,Womens,Cal State LA,Arizona Jersey Patch Valuation .xlsx:Valuation (24-25 Data)
AZ-womens_basketball-2024-0114,womens_basketball,2024,14,Arizona,UT Arlington,ESPN+,Non-Conference,home,Tucson,AZ,0,0,0,0.004519,4519.0,0,2024-11-04,Womens,UT Arlington,Arizona Jersey Patch Valuation .xlsx:Valuation (24-25 Data)
AZ-womens_basketball-2024-0115,womens_basketball,2024,15,Arizona,Tarleton State,ESPN+,Non-Conference,home,Tucson,AZ,0,0,1,0.004521,4521.0,0,2024-11-07,Womens,Tarleton State,Arizona Jersey Patch Valuation .xlsx:Valuation (24-25 Data)
AZ-womens_basketball-2024-0116,womens_basketball,2024,15,UC San Diego,Arizona,ESPN+,Non-Conference,away,Unknown,ST,0,0,0,0.0045,4500.0,1,2024-11-10,Womens,UC San Diego,Arizona Jersey Patch Valuation .xlsx:Valuation (24-25 Data)
AZ-womens_basketball-2024-0117,womens_basketball,2024,15,Arizona,UNLV,ESPN+,Non-Conference,home,Tucson,AZ,0,0,1,0.006383,6383.0,0,2024-11-12,Womens,UNLV,Arizona Jersey Patch Valuation .xlsx:Valuation (24-25 Data)
AZ-womens_basketball-2024-0118,womens_basketball,2024,16,Northern Arizona,Arizona,ESPN+,Non-Conference,away,Unknown,ST,0,0,1,0.0045,4500.0,1,2024-11-20,Womens,Northern Arizona,Arizona Jersey Patch Valuation .xlsx:Valuation (24-25 Data)
AZ-womens_basketball-2024-0119,womens_basketball,2024,17,Arizona,Grambling State,ESPN+,Non-Conference,home,Tucson,AZ,0,0,1,0.005702,5702.0,0,2024-11-23,Womens,Grambling State,Arizona Jersey Patch Valuation .xlsx:Valuation (24-25 Data)
AZ-womens_basketball-2024-0120,womens_basketball,2024,18,Arizona,Seattle University,ESPN+,Non-Conference,home,Tucson,AZ,0,0,1,0.004766,4766.0,0,2024-12-02,Womens,Seattle University,Arizona Jersey Patch Valuation .xlsx:Valuation (24-25 Data)
AZ-womens_basketball-2024-0121,womens_basketball,2024,18,UCF,Arizona,ESPN+,Big 12,away,Unknown,ST,0,0,0,0.004963,4963.0,0,2024-12-04,Womens,UCF,Arizona Jersey Patch Valuation .xlsx:Valuation (24-25 Data)
AZ-womens_basketball-2024-0122,womens_basketball,2024,19,Arizona,Grand Canyon,ESPN+,Non-Conference,home,Tucson,AZ,0,0,1,0.005244,5244.0,0,2024-12-05,Womens,Grand Canyon,Arizona Jersey Patch Valuation .xlsx:Valuation (24-25 Data)
AZ-womens_basketball-2024-0123,womens_basketball,2024,19,Arizona,Baylor,ESPN+,Big 12,home,Tucson,AZ,0,0,1,0.014086,14086.0,0,2024-12-08,Womens,Baylor,Arizona Jersey Patch Valuation .xlsx:Valuation (24-25 Data)
AZ-womens_basketball-2024-0124,womens_basketball,2024,19,Arizona,CSU Bakersfield,ESPN+,Non-Conference,home,Tucson,AZ,0,0,1,0.006116,6116.0,0,2024-12-10,Womens,CSU Bakersfield,Arizona Jersey Patch Valuation .xlsx:Valuation (24-25 Data)
AZ-womens_basketball-2024-0125,womens_basketball,2024,20,Arizona,Weber State,ESPN+,Non-Conference,home,Tucson,AZ,0,0,1,0.005169,5169.0,0,2024-12-16,Womens,Weber State,Arizona Jersey Patch Valuation .xlsx:Valuation (24-25 Data)
AZ-womens_basketball-2024-0126,womens_basketball,2024,21,BYU,Arizona,ESPN+,Big 12,away,Unknown,ST,0,0,0,0.010633,10633.0,0,2024-12-21,Womens,BYU,Arizona Jersey Patch Valuation .xlsx:Valuation (24-25 Data)
AZ-womens_basketball-2024-0127,womens_basketball,2024,22,Arizona,Utah,ESPN+,Big 12,home,Tucson,AZ,0,0,0,0.007496,7496.0,0,2024-12-31,Womens,Utah,Arizona Jersey Patch Valuation .xlsx:Valuation (24-25 Data)
AZ-womens_basketball-2024-0128,womens_basketball,2024,24,Arizona,Iowa State,ESPN+,Big 12,home,Tucson,AZ,0,0,0,0.018545,18545.0,0,2025-01-11,Womens,Iowa State,Arizona Jersey Patch Valuation .xlsx:Valuation (24-25 Data)
AZ-womens_basketball-2024-0129,womens_basketball,2024,25,Kansas State,Arizona,ESPN+,Big 12,away,Unknown,ST,0,1,0,0.026344,26344.0,0,2025-01-16,Womens,Kansas State,Arizona Jersey Patch Valuation .xlsx:Valuation (24-25 Data)
AZ-womens_basketball-2024-0130,womens_basketball,2024,25,Kansas,Arizona,ESPN+,Big 12,away,Unknown,ST,0,0,0,0.008468,8468.0,0,2025-01-19,Womens,Kansas,Arizona Jersey Patch Valuation .xlsx:Valuation (24-25 Data)
AZ-womens_basketball-2024-0131,womens_basketball,2024,25,Arizona,Cincinnati,ESPN+,Big 12,home,Tucson,AZ,0,0,1,0.007726,7726.0,0,2025-01-22,Womens,Cincinnati,Arizona Jersey Patch Valuation .xlsx:Valuation (24-25 Data)
AZ-womens_basketball-2024-0132,womens_basketball,2024,26,Arizona,West Virginia,ESPN+,Big 12,home,Tucson,AZ,0,1,1,0.023483,23483.0,0,2025-01-25,Womens,West Virginia,Arizona Jersey Patch Valuation .xlsx:Valuation (24-25 Data)
AZ-womens_basketball-2024-0133,womens_basketball,2024,27,Colorado,Arizona,ESPN+,Big 12,away,Unknown,ST,0,0,1,0.010545,10545.0,0,2025-02-05,Womens,Colorado,Arizona Jersey Patch Valuation .xlsx:Valuation (24-25 Data)
AZ-womens_basketball-2024-0134,womens_basketball,2024,28,Arizona,Arizona State,ESPN+,Big 12,home,Tucson,AZ,0,0,0,0.005034,5034.0,0,2025-02-08,Womens,Arizona State,Arizona Jersey Patch Valuation .xlsx:Valuation (24-25 Data)
AZ-womens_basketball-2024-0135,womens_basketball,2024,28,Oklahoma State,Arizona,ESPN+,Big 12,away,Unknown,ST,0,0,0,0.017272,17272.0,0,2025-02-12,Womens,Oklahoma State,Arizona Jersey Patch Valuation .xlsx:Valuation (24-25 Data)
AZ-womens_basketball-2024-0136,womens_basketball,2024,29,Arizona,TCU,ESPN+,Big 12,home,Tucson,AZ,0,0,0,0.025356,25356.0,0,2025-02-16,Womens,TCU,Arizona Jersey Patch Valuation .xlsx:Valuation (24-25 Data)
AZ-womens_basketball-2024-0137,womens_basketball,2024,29,Arizona,BYU,ESPN+,Big 12,home,Tucson,AZ,0,0,1,0.011407,11407.0,0,2025-02-19,Womens,BYU,Arizona Jersey Patch Valuation .xlsx:Valuation (24-25 Data)
AZ-womens_basketball-2024-0138,womens_basketball,2024,30,Houston,Arizona,ESPN+,Big 12,away,Unknown,ST,0,0,1,0.008532,8532.0,0,2025-02-22,Womens,Houston,Arizona Jersey Patch Valuation .xlsx:Valuation (24-25 Data)
AZ-womens_basketball-2024-0139,womens_basketball,2024,30,Arizona,Texas Tech,ESPN+,Big 12,home,Tucson,AZ,0,0,1,0.010517,10517.0,0,2025-02-25,Womens,Texas Tech,Arizona Jersey Patch Valuation .xlsx:Valuation (24-25 Data)
AZ-womens_basketball-2024-0140,womens_basketball,2024,31,Arizona State,Arizona,ESPN+,Big 12,away,Unknown,ST,0,0,0,0.009621,9621.0,0,2025-03-01,Womens,Arizona State,Arizona Jersey Patch Valuation .xlsx:Valuation (24-25 Data)
AZ-womens_basketball-2024-0141,womens_basketball,2024,32,Arizona,Colorado,ESPN+,Big 12,neutral,Tucson,AZ,0,0,0,0.010545,10545.0,1,2025-03-06,Womens,Colorado,Arizona Jersey Patch Valuation .xlsx:Valuation (24-25 Data)
AZ-womens_basketball-2024-0142,womens_basketball,2024,34,Arizona,Northern Arizona,ESPN+,Big Sky,neutral,Tucson,AZ,0,0,1,0.0045,4500.0,1,2025-03-20,Womens,Northern Arizona,Arizona Jersey Patch Valuation .xlsx:Valuation (24-25 Data)
AZ-womens_basketball-2024-0143,womens_basketball,2024,27,Utah,Arizona,FS1,Big 12,away,Unknown,ST,0,0,1,0.137,137000.0,1,2025-01-31,Womens,Utah,Arizona Jersey Patch Valuation .xlsx:Valuation (24-25 Data)
AZ-womens_basketball-2024-0144,womens_basketball,2024,16,Chicago State,Arizona,NEC Front Row,Non-Conference,away,Unknown,ST,0,0,0,0.001,1000.0,0,2024-11-16,Womens,Chicago State,Arizona Jersey Patch Valuation .xlsx:Valuation (24-25 Data)
AZ-womens_basketball-2024-0145,womens_basketball,2024,17,Arizona,Vanderbilt,TruTV,SEC,neutral,Tucson,AZ,0,0,0,0.018,18000.0,0,2024-11-26,Womens,Vanderbilt,Arizona Jersey Patch Valuation .xlsx:Valuation (24-25 Data)
AZ-womens_basketball-2024-0146,womens_basketball,2024,17,Arizona,University of California,TruTV,ACC,neutral,Tucson,AZ,0,0,0,0.026,26000.0,0,2024-11-27,Womens,University of California,Arizona Jersey Patch Valuation .xlsx:Valuation (24-25 Data)
AZ-football-2025-0147,football,2025,9,Iowa State,Arizona,ESPN,Big 12,away,Unknown,ST,0,1,0,1.149484,1149484.0,0,2025-09-27,Mens,Iowa State,Arizona Jersey Patch Valuation .xlsx:Valuation (24-25 Data)
AZ-football-2025-0148,football,2025,6,Arizona,Weber State,ESPN+,Non-Conference,home,Tucson,AZ,0,0,1,0.062514,62514.0,1,2025-09-06,Mens,Weber State,Arizona Jersey Patch Valuation .xlsx:Valuation (24-25 Data)
AZ-football-2025-0149,football,2025,11,Arizona,BYU,ESPN2,Big 12,home,Tucson,AZ,0,1,0,0.867529,867529.0,0,2025-10-11,Mens,BYU,Arizona Jersey Patch Valuation .xlsx:Valuation (24-25 Data)
AZ-football-2025-0150,football,2025,15,Arizona,Kansas,ESPN2,Big 12,home,Tucson,AZ,0,0,0,0.479909,479909.0,0,2025-11-08,Mens,Kansas,Arizona Jersey Patch Valuation .xlsx:Valuation (24-25 Data)
AZ-football-2025-0151,football,2025,7,Arizona,Kansas State,FOX,Big 12,home,Tucson,AZ,0,0,1,1.867009,1867009.0,0,2025-09-12,Mens,Kansas State,Arizona Jersey Patch Valuation .xlsx:Valuation (24-25 Data)
AZ-football-2025-0152,football,2025,18,Arizona State,Arizona,FOX,Big 12,away,Unknown,ST,0,1,1,1.824337,1824337.0,0,2025-11-28,Mens,Arizona State,Arizona Jersey Patch Valuation .xlsx:Valuation (24-25 Data)
AZ-football-2025-0153,football,2025,23,Arizona,SMU,FOX,ACC,neutral,Tucson,AZ,0,1,1,2.338,2338000.0,0,2026-01-02,Mens,SMU,Arizona Jersey Patch Valuation .xlsx:Valuation (24-25 Data)
AZ-football-2025-0154,football,2025,12,Houston,Arizona,FS1,Big 12,away,Unknown,ST,0,0,0,0.292368,292368.0,0,2025-10-18,Mens,Houston,Arizona Jersey Patch Valuation .xlsx:Valuation (24-25 Data)
AZ-football-2025-0155,football,2025,14,Colorado,Arizona,FS1,Big 12,away,Unknown,ST,0,0,0,0.373809,373809.0,0,2025-11-01,Mens,Colorado,Arizona Jersey Patch Valuation .xlsx:Valuation (24-25 Data)
AZ-football-2025-0156,football,2025,16,Cincinatti,Arizona,FS1,Big 12,away,Unknown,ST,0,1,0,0.352949,352949.0,0,2025-11-15,Mens,Cincinatti,Arizona Jersey Patch Valuation .xlsx:Valuation (24-25 Data)
AZ-football-2025-0157,football,2025,5,Arizona,Hawaii,TNT,Non-Conference,home,Tucson,AZ,0,0,1,0.247869,247869.0,0,2025-08-30,Mens,Hawaii,Arizona Jersey Patch Valuation .xlsx:Valuation (24-25 Data)
AZ-football-2025-0158,football,2025,10,Arizona,Oklahoma State,TNT,Big 12,home,Tucson,AZ,0,0,0,0.215557,215557.0,0,2025-10-04,Mens,Oklahoma State,Arizona Jersey Patch Valuation .xlsx:Valuation (24-25 Data)
AZ-football-2025-0159,football,2025,17,Arizona,Baylor,TNT,Big 12,home,Tucson,AZ,0,0,0,0.231713,231713.0,1,2025-11-22,Mens,Baylor,Arizona Jersey Patch Valuation .xlsx:Valuation (24-25 Data)
AZ-gymnastics-2024-0220,gymnastics,2024,24,Arizona,"Clemson, Michigan, NC State",ACC Network,Big 12,neutral,Tucson,AZ,0,0,1,0.004,4000.0,1,2025-01-10,Womens,"Clemson, Michigan, NC State",Arizona Jersey Patch Valuation .xlsx:Valuation (24-25 Data)
AZ-gymnastics-2024-0221,gymnastics,2024,25,Arizona,Air Force,ESPN+,Non-Conference,home,Tucson,AZ,0,0,1,0.001397,1397.0,0,2025-01-17,Womens,Air Force,Arizona Jersey Patch Valuation .xlsx:Valuation (24-25 Data)
AZ-gymnastics-2024-0222,gymnastics,2024,27,Arizona,Denver,ESPN+,Big 12,home,Tucson,AZ,0,0,1,0.004,4000.0,1,2025-01-31,Womens,Denver,Arizona Jersey Patch Valuation .xlsx:Valuation (24-25 Data)
AZ-gymnastics-2024-0223,gymnastics,2024,29,Arizona,Iowa State,ESPN+,Big 12,home,Tucson,AZ,0,0,1,0.001315,1315.0,0,2025-02-14,Womens,Iowa State,Arizona Jersey Patch Valuation .xlsx:Valuation (24-25 Data)
AZ-gymnastics-2024-0224,gymnastics,2024,32,Arizona,BYU,ESPN+,Big 12,home,Tucson,AZ,0,0,0,0.001607,1607.0,0,2025-03-08,Womens,BYU,Arizona Jersey Patch Valuation .xlsx:Valuation (24-25 Data)
AZ-gymnastics-2024-0225,gymnastics,2024,33,Arizona,Utah State,ESPN+,Non-Conference,home,Tucson,AZ,0,0,1,0.001625,1625.0,0,2025-03-14,Womens,Utah State,Arizona Jersey Patch Valuation .xlsx:Valuation (24-25 Data)
AZ-gymnastics-2024-0228,gymnastics,2024,26,Arizona State,Arizona,ESPN2,Big 12,away,Unknown,ST,0,0,0,0.008,8000.0,1,2025-01-26,Womens,Arizona State,Arizona Jersey Patch Valuation .xlsx:Valuation (24-25 Data)
AZ-soccer-2024-0234,soccer,2024,4,North Carolina,Arizona,ACC Network,Non-Conference,away,Unknown,ST,0,1,0,0.045,45000.0,1,2024-08-25,Womens,North Carolina,Arizona Jersey Patch Valuation .xlsx:Valuation (24-25 Data)
AZ-soccer-2024-0235,soccer,2024,3,Grand Canyon,Arizona,ESPN+,Non-Conference,away,Unknown,ST,0,0,1,0.002883,2883.0,1,2024-08-15,Womens,Grand Canyon,Arizona Jersey Patch Valuation .xlsx:Valuation (24-25 Data)
AZ-soccer-2024-0236,soccer,2024,3,Arizona,Pacific,ESPN+,Non-Conference,home,Tucson,AZ,0,0,0,0.004617,4617.0,0,2024-08-18,Womens,Pacific,Arizona Jersey Patch Valuation .xlsx:Valuation (24-25 Data)
AZ-soccer-2024-0237,soccer,2024,4,Arizona,Northern Arizona,ESPN+,Non-Conference,home,Tucson,AZ,0,0,1,0.002542,2542.0,0,2024-08-22,Womens,Northern Arizona,Arizona Jersey Patch Valuation .xlsx:Valuation (24-25 Data)
AZ-soccer-2024-0238,soccer,2024,5,Pepperdine,Arizona,ESPN+,Non-Conference,away,Unknown,ST,0,0,0,0.002883,2883.0,1,2024-08-29,Womens,Pepperdine,Arizona Jersey Patch Valuation .xlsx:Valuation (24-25 Data)
AZ-soccer-2024-0239,soccer,2024,5,UC Irvine,Arizona,ESPN+,Non-Conference,away,Unknown,ST,0,0,0,0.002883,2883.0,1,2024-09-01,Womens,UC Irvine,Arizona Jersey Patch Valuation .xlsx:Valuation (24-25 Data)
AZ-soccer-2024-0240,soccer,2024,6,Arizona,New Mexico State,ESPN+,Non-Conference,home,Tucson,AZ,0,0,1,0.000318,318.0,0,2024-09-05,Womens,New Mexico State,Arizona Jersey Patch Valuation .xlsx:Valuation (24-25 Data)
AZ-soccer-2024-0241,soccer,2024,7,Utah,Arizona,ESPN+,Big 12,away,Unknown,ST,0,0,1,0.000553,553.0,0,2024-09-12,Womens,Utah,Arizona Jersey Patch Valuation .xlsx:Valuation (24-25 Data)
AZ-soccer-2024-0242,soccer,2024,8,Baylor,Arizona,ESPN+,Big 12,away,Unknown,ST,0,0,0,0.000461,461.0,0,2024-09-19,Womens,Baylor,Arizona Jersey Patch Valuation .xlsx:Valuation (24-25 Data)
AZ-soccer-2024-0243,soccer,2024,8,TCU,Arizona,ESPN+,Big 12,away,Unknown,ST,0,0,0,0.000524,524.0,0,2024-09-22,Womens,TCU,Arizona Jersey Patch Valuation .xlsx:Valuation (24-25 Data)
AZ-soccer-2024-0244,soccer,2024,9,Arizona,Cincinatti,ESPN+,Big 12,home,Tucson,AZ,0,0,1,0.000273,273.0,0,2024-09-26,Womens,Cincinatti,Arizona Jersey Patch Valuation .xlsx:Valuation (24-25 Data)
AZ-soccer-2024-0245,soccer,2024,9,Arizona,West Virginia,ESPN+,Big 12,home,Tucson,AZ,0,0,0,0.000583,583.0,0,2024-09-29,Womens,West Virginia,Arizona Jersey Patch Valuation .xlsx:Valuation (24-25 Data)
AZ-soccer-2024-0246,soccer,2024,10,Arizona,BYU,ESPN+,Big 12,home,Tucson,AZ,0,0,1,0.002027,2027.0,0,2024-10-04,Womens,BYU,Arizona Jersey Patch Valuation .xlsx:Valuation (24-25 Data)
AZ-soccer-2024-0247,soccer,2024,11,UCF,Arizona,ESPN+,Big 12,away,Unknown,ST,0,0,0,0.002883,2883.0,1,2024-10-10,Womens,UCF,Arizona Jersey Patch Valuation .xlsx:Valuation (24-25 Data)
AZ-soccer-2024-0248,soccer,2024,11,Houston,Arizona,ESPN+,Big 12,away,Unknown,ST,0,0,0,0.000265,265.0,0,2024-10-13,Womens,Houston,Arizona Jersey Patch Valuation .xlsx:Valuation (24-25 Data)
AZ-soccer-2024-0249,soccer,2024,12,Arizona,Kansas,ESPN+,Big 12,home,Tucson,AZ,0,0,1,0.000406,406.0,0,2024-10-17,Womens,Kansas,Arizona Jersey Patch Valuation .xlsx:Valuation (24-25 Data)
AZ-soccer-2024-0250,soccer,2024,12,Arizona,Kansas State,ESPN+,Big 12,home,Tucson,AZ,0,0,0,0.000243,243.0,0,2024-10-20,Womens,Kansas State,Arizona Jersey Patch Valuation .xlsx:Valuation (24-25 Data)
AZ-soccer-2024-0251,soccer,2024,13,Arizona,Baylor,ESPN+,Big 12,neutral,Tucson,AZ,0,0,0,0.001619,1619.0,0,2024-10-30,Womens,Baylor,Arizona Jersey Patch Valuation .xlsx:Valuation (24-25 Data)
AZ-soccer-2024-0252,soccer,2024,13,Arizona State,Arizona,ESPNU,Big 12,away,Unknown,ST,0,0,1,0.000692,692.0,0,2024-10-25,Womens,Arizona State,Arizona Jersey Patch Valuation .xlsx:Valuation (24-25 Data)
AZ-softball-2024-0253,softball,2024,41,Arizona,Texas Tech,ESPN,Big 12,neutral,Tucson,AZ,0,0,0,0.5,500000.0,1,2025-05-10,Womens,Texas Tech,Arizona Jersey Patch Valuation .xlsx:Valuation (24-25 Data)
AZ-softball-2024-0254,softball,2024,42,Arizona,Ole Miss,ESPN,Big 12,neutral,Tucson,AZ,0,1,0,0.5,500000.0,1,2025-05-17,Womens,Ole Miss,Arizona Jersey Patch Valuation .xlsx:Valuation (24-25 Data)
AZ-softball-2024-0255,softball,2024,42,Arizona,Grand Canyon,ESPN,Big 12,neutral,Tucson,AZ,0,1,1,0.5,500000.0,1,2025-05-17,Womens,Grand Canyon,Arizona Jersey Patch Valuation .xlsx:Valuation (24-25 Data)
AZ-softball-2024-0256,softball,2024,28,Arizona,Michigan State,ESPN+,Big 12,home,Tucson,AZ,0,0,0,0.003087,3087.0,0,2025-02-06,Womens,Michigan State,Arizona Jersey Patch Valuation .xlsx:Valuation (24-25 Data)
AZ-softball-2024-0258,softball,2024,28,Arizona,Washington,ESPN+,Big 12,home,Tucson,AZ,0,0,0,0.003296,3296.0,0,2025-02-07,Womens,Washington,Arizona Jersey Patch Valuation .xlsx:Valuation (24-25 Data)
AZ-softball-2024-0259,softball,2024,28,Arizona,Western Michigan,ESPN+,Big 12,home,Tucson,AZ,0,0,1,0.001469,1469.0,0,2025-02-07,Womens,Western Michigan,Arizona Jersey Patch Valuation .xlsx:Valuation (24-25 Data)
AZ-softball-2024-0260,softball,2024,28,Arizona,Alabama,ESPN+,Big 12,home,Tucson,AZ,0,1,0,0.013159,13159.0,0,2025-02-08,Womens,Alabama,Arizona Jersey Patch Valuation .xlsx:Valuation (24-25 Data)
AZ-softball-2024-0261,softball,2024,28,Arizona,Washington,ESPN+,Big 12,home,Tucson,AZ,0,0,0,0.004679,4679.0,0,2025-02-09,Womens,Washington,Arizona Jersey Patch Valuation .xlsx:Valuation (24-25 Data)
AZ-softball-2024-0262,softball,2024,29,Arizona,South Alabama,ESPN+,Big 12,home,Tucson,AZ,0,0,0,0.003572,3572.0,0,2025-02-13,Womens,South Alabama,Arizona Jersey Patch Valuation .xlsx:Valuation (24-25 Data)
AZ-softball-2024-0264,softball,2024,29,Arizona,Cal State Fullerton,ESPN+,Big 12,home,Tucson,AZ,0,0,0,0.001828,1828.0,0,2025-02-14,Womens,Cal State Fullerton,Arizona Jersey Patch Valuation .xlsx:Valuation (24-25 Data)
AZ-softball-2024-0265,softball,2024,29,Arizona,Ohio,ESPN+,Big 12,home,Tucson,AZ,0,0,0,0.002483,2483.0,0,2025-02-15,Womens,Ohio,Arizona Jersey Patch Valuation .xlsx:Valuation (24-25 Data)
AZ-softball-2024-0266,softball,2024,29,Arizona,Cal State Fullerton,ESPN+,Big 12,home,Tucson,AZ,0,0,0,0.002885,2885.0,0,2025-02-16,Womens,Cal State Fullerton,Arizona Jersey Patch Valuation .xlsx:Valuation (24-25 Data)
AZ-softball-2024-0267,softball,2024,30,Arizona,Stanford,ESPN+,Big 12,home,Tucson,AZ,0,1,0,0.008906,8906.0,0,2025-02-20,Womens,Stanford,Arizona Jersey Patch Valuation .xlsx:Valuation (24-25 Data)
AZ-softball-2024-0268,softball,2024,30,Arizona,UC Davis,ESPN+,Big 12,home,Tucson,AZ,0,0,1,0.003459,3459.0,0,2025-02-20,Womens,UC Davis,Arizona Jersey Patch Valuation .xlsx:Valuation (24-25 Data)
AZ-softball-2024-0269,softball,2024,30,Arizona,UC Davis,ESPN+,Big 12,home,Tucson,AZ,0,0,0,0.002875,2875.0,0,2025-02-21,Womens,UC Davis,Arizona Jersey Patch Valuation .xlsx:Valuation (24-25 Data)
AZ-softball-2024-0270,softball,2024,30,Arizona,Colorado State,ESPN+,Big 12,home,Tucson,AZ,0,0,1,0.003473,3473.0,0,2025-02-21,Womens,Colorado State,Arizona Jersey Patch Valuation .xlsx:Valuation (24-25 Data)
AZ-softball-2024-0271,softball,2024,30,Arizona,Texas,ESPN+,Big 12,home,Tucson,AZ,0,1,0,0.045009,45009.0,0,2025-02-22,Womens,Texas,Arizona Jersey Patch Valuation .xlsx:Valuation (24-25 Data)
AZ-softball-2024-0272,softball,2024,30,Arizona,Stanford,ESPN+,Big 12,home,Tucson,AZ,0,1,0,0.010443,10443.0,0,2025-02-23,Womens,Stanford,Arizona Jersey Patch Valuation .xlsx:Valuation (24-25 Data)
AZ-softball-2024-0273,softball,2024,30,LMU,Arizona,ESPN+,Non-Conference,away,Unknown,ST,0,0,1,0.010525,10525.0,1,2025-02-26,Womens,LMU,Arizona Jersey Patch Valuation .xlsx:Valuation (24-25 Data)
AZ-softball-2024-0274,softball,2024,31,Weber State,Arizona,ESPN+,Big 12,away,Unknown,ST,0,0,1,0.010525,10525.0,1,2025-02-28,Womens,Weber State,Arizona Jersey Patch Valuation .xlsx:Valuation (24-25 Data)
AZ-softball-2024-0275,softball,2024,31,Cal State Fullerton,Arizona,ESPN+,Big 12,away,Unknown,ST,0,0,1,0.010525,10525.0,1,2025-02-28,Womens,Cal State Fullerton,Arizona Jersey Patch Valuation .xlsx:Valuation (24-25 Data)
AZ-softball-2024-0276,softball,2024,31,Notre Dame,Arizona,ESPN+,Big 12,away,Unknown,ST,0,0,0,0.010525,10525.0,1,2025-03-01,Womens,Notre Dame,Arizona Jersey Patch Valuation .xlsx:Valuation (24-25 Data)
AZ-softball-2024-0277,softball,2024,31,UCLA,Arizona,ESPN+,Big 12,away,Unknown,ST,0,1,0,0.010525,10525.0,1,2025-03-01,Womens,UCLA,Arizona Jersey Patch Valuation .xlsx:Valuation (24-25 Data)
AZ-softball-2024-0278,softball,2024,31,San Diego State,Arizona,ESPN+,Big 12,away,Unknown,ST,0,1,0,0.010525,10525.0,1,2025-03-02,Womens,San Diego State,Arizona Jersey Patch Valuation .xlsx:Valuation (24-25 Data)
AZ-softball-2024-0279,softball,2024,32,Arizona,UCF,ESPN+,Big 12,home,Tucson,AZ,0,0,1,0.005616,5616.0,0,2025-03-07,Womens,UCF,Arizona Jersey Patch Valuation .xlsx:Valuation (24-25 Data)
AZ-softball-2024-0280,softball,2024,32,Arizona,UCF,ESPN+,Big 12,home,Tucson,AZ,0,0,0,0.010366,10366.0,0,2025-03-08,Womens,UCF,Arizona Jersey Patch Valuation .xlsx:Valuation (24-25 Data)
AZ-softball-2024-0281,softball,2024,32,Arizona,UCF,ESPN+,Big 12,home,Tucson,AZ,0,0,0,0.0036,3600.0,0,2025-03-09,Womens,UCF,Arizona Jersey Patch Valuation .xlsx:Valuation (24-25 Data)
AZ-softball-2024-0282,softball,2024,32,Arizona,Utah State,ESPN+,Non-Conference,home,Tucson,AZ,0,0,0,0.003852,3852.0,0,2025-03-10,Womens,Utah State,Arizona Jersey Patch Valuation .xlsx:Valuation (24-25 Data)
AZ-softball-2024-0283,softball,2024,33,Arizona,Utah,ESPN+,Big 12,home,Tucson,AZ,0,0,0,0.001858,1858.0,0,2025-03-14,Womens,Utah,Arizona Jersey Patch Valuation .xlsx:Valuation (24-25 Data)
AZ-softball-2024-0284,softball,2024,33,Arizona,Utah,ESPN+,Big 12,home,Tucson,AZ,0,0,0,0.006163,6163.0,0,2025-03-15,Womens,Utah,Arizona Jersey Patch Valuation .xlsx:Valuation (24-25 Data)
AZ-softball-2024-0285,softball,2024,33,Arizona,Utah,ESPN+,Big 12,home,Tucson,AZ,0,0,0,0.005034,5034.0,0,2025-03-16,Womens,Utah,Arizona Jersey Patch Valuation .xlsx:Valuation (24-25 Data)
AZ-softball-2024-0286,softball,2024,33,Grand Canyon,Arizona,ESPN+,Non-Conference,away,Unknown,ST,0,0,1,0.010525,10525.0,1,2025-03-19,Womens,Grand Canyon,Arizona Jersey Patch Valuation .xlsx:Valuation (24-25 Data)
AZ-softball-2024-0287,softball,2024,34,Arizona State,Arizona,ESPN+,Big 12,away,Unknown,ST,0,0,1,0.008004,8004.0,0,2025-03-21,Womens,Arizona State,Arizona Jersey Patch Valuation .xlsx:Valuation (24-25 Data)
AZ-softball-2024-0288,softball,2024,34,Arizona State,Arizona,ESPN+,Big 12,away,Unknown,ST,0,0,0,0.009483,9483.0,0,2025-03-22,Womens,Arizona State,Arizona Jersey Patch Valuation .xlsx:Valuation (24-25 Data)
AZ-softball-2024-0289,softball,2024,34,Arizona State,Arizona,ESPN+,Big 12,away,Unknown,ST,0,0,0,0.011452,11452.0,0,2025-03-23,Womens,Arizona State,Arizona Jersey Patch Valuation .xlsx:Valuation (24-25 Data)
AZ-softball-2024-0290,softball,2024,35,BYU,Arizona,ESPN+,Big 12,away,Unknown,ST,0,0,0,0.003461,3461.0,0,2025-03-27,Womens,BYU,Arizona Jersey Patch Valuation .xlsx:Valuation (24-25 Data)
AZ-softball-2024-0291,softball,2024,35,BYU,Arizona,ESPN+,Big 12,away,Unknown,ST,0,0,0,0.007641,7641.0,0,2025-03-28,Womens,BYU,Arizona Jersey Patch Valuation .xlsx:Valuation (24-25 Data)
AZ-softball-2024-0292,softball,2024,35,BYU,Arizona,ESPN+,Big 12,away,Unknown,ST,0,0,0,0.004253,4253.0,0,2025-03-29,Womens,BYU,Arizona Jersey Patch Valuation .xlsx:Valuation (24-25 Data)
AZ-softball-2024-0293,softball,2024,36,Arizona,Oklahoma State,ESPN+,Big 12,home,Tucson,AZ,0,1,1,0.011935,11935.0,0,2025-04-04,Womens,Oklahoma State,Arizona Jersey Patch Valuation .xlsx:Valuation (24-25 Data)
AZ-softball-2024-0294,softball,2024,36,Arizona,Oklahoma State,ESPN+,Big 12,home,Tucson,AZ,0,1,1,0.011818,11818.0,0,2025-04-05,Womens,Oklahoma State,Arizona Jersey Patch Valuation .xlsx:Valuation (24-25 Data)
AZ-softball-2024-0295,softball,2024,36,Arizona,Oklahoma State,ESPN+,Big 12,home,Tucson,AZ,0,1,0,0.010009,10009.0,0,2025-04-06,Womens,Oklahoma State,Arizona Jersey Patch Valuation .xlsx:Valuation (24-25 Data)
AZ-softball-2024-0296,softball,2024,37,Kansas,Arizona,ESPN+,Big 12,away,Unknown,ST,0,0,0,0.004667,4667.0,0,2025-04-11,Womens,Kansas,Arizona Jersey Patch Valuation .xlsx:Valuation (24-25 Data)
AZ-softball-2024-0297,softball,2024,37,Kansas,Arizona,ESPN+,Big 12,away,Unknown,ST,0,0,0,0.002775,2775.0,0,2025-04-12,Womens,Kansas,Arizona Jersey Patch Valuation .xlsx:Valuation (24-25 Data)
AZ-softball-2024-0298,softball,2024,37,Kansas,Arizona,ESPN+,Big 12,away,Unknown,ST,0,0,0,0.001425,1425.0,0,2025-04-13,Womens,Kansas,Arizona Jersey Patch Valuation .xlsx:Valuation (24-25 Data)
AZ-softball-2024-0299,softball,2024,38,Arizona,Texas Tech,ESPN+,Big 12,home,Tucson,AZ,0,1,0,0.00643,6430.0,0,2025-04-17,Womens,Texas Tech,Arizona Jersey Patch Valuation .xlsx:Valuation (24-25 Data)
AZ-softball-2024-0300,softball,2024,38,Arizona,New Mexico State,ESPN+,Non-Conference,home,Tucson,AZ,0,0,0,0.001255,1255.0,0,2025-04-22,Womens,New Mexico State,Arizona Jersey Patch Valuation .xlsx:Valuation (24-25 Data)
AZ-softball-2024-0302,softball,2024,40,Houston,Arizona,ESPN+,Big 12,away,Unknown,ST,0,0,0,0.010525,10525.0,1,2025-05-02,Womens,Houston,Arizona Jersey Patch Valuation .xlsx:Valuation (24-25 Data)
AZ-softball-2024-0303,softball,2024,40,Houston,Arizona,ESPN+,Big 12,away,Unknown,ST,0,0,0,0.010525,10525.0,1,2025-05-03,Womens,Houston,Arizona Jersey Patch Valuation .xlsx:Valuation (24-25 Data)
AZ-softball-2024-0304,softball,2024,40,Houston,Arizona,ESPN+,Big 12,away,Unknown,ST,0,0,0,0.010525,10525.0,1,2025-05-04,Womens,Houston,Arizona Jersey Patch Valuation .xlsx:Valuation (24-25 Data)
AZ-softball-2024-0305,softball,2024,41,Arizona,UCF,ESPN+,Big 12,neutral,Tucson,AZ,0,0,0,0.010525,10525.0,1,2025-05-08,Womens,UCF,Arizona Jersey Patch Valuation .xlsx:Valuation (24-25 Data)
AZ-softball-2024-0306,softball,2024,41,Arizona,Iowa State,ESPN+,Big 12,neutral,Tucson,AZ,0,0,0,0.010525,10525.0,1,2025-05-09,Womens,Iowa State,Arizona Jersey Patch Valuation .xlsx:Valuation (24-25 Data)
AZ-softball-2024-0307,softball,2024,42,Arizona,Santa Clara,ESPN+,Big 12,neutral,Tucson,AZ,0,0,0,0.010525,10525.0,1,2025-05-16,Womens,Santa Clara,Arizona Jersey Patch Valuation .xlsx:Valuation (24-25 Data)
AZ-softball-2024-0308,softball,2024,42,Arizona,Ole Miss,ESPN+,Big 12,neutral,Tucson,AZ,0,1,0,0.010525,10525.0,1,2025-05-18,Womens,Ole Miss,Arizona Jersey Patch Valuation .xlsx:Valuation (24-25 Data)
AZ-softball-2024-0309,softball,2024,38,Arizona,Texas Tech,ESPN2,Big 12,home,Tucson,AZ,0,1,0,0.125,125000.0,1,2025-04-19,Womens,Texas Tech,Arizona Jersey Patch Valuation .xlsx:Valuation (24-25 Data)
AZ-softball-2024-0310,softball,2024,42,Arizona,Ole Miss,ESPN2,Big 12,neutral,Tucson,AZ,0,1,1,0.6,600000.0,1,2025-05-18,Womens,Ole Miss,Arizona Jersey Patch Valuation .xlsx:Valuation (24-25 Data)
AZ-softball-2024-0311,softball,2024,38,Arizona,Texas Tech,FS1,Big 12,home,Tucson,AZ,0,1,0,0.125,125000.0,1,2025-04-18,Womens,Texas Tech,Arizona Jersey Patch Valuation .xlsx:Valuation (24-25 Data)
AZ-softball-2024-0312,softball,2024,39,San Diego State,Arizona,Mountain West Network,Non-Conference,away,Unknown,ST,0,0,1,0.0085,8500.0,1,2025-04-25,Womens,San Diego State,Arizona Jersey Patch Valuation .xlsx:Valuation (24-25 Data)
AZ-softball-2024-0313,softball,2024,39,San Diego State,Arizona,Mountain West Network,Non-Conference,away,Unknown,ST,0,0,0,0.0085,8500.0,1,2025-04-26,Womens,San Diego State,Arizona Jersey Patch Valuation .xlsx:Valuation (24-25 Data)
AZ-volleyball-2024-0314,volleyball,2024,5,Arizona,Boise State,ESPN+,Big 12,neutral,Tucson,AZ,0,0,1,0.006298,6298.0,0,2024-08-30,Womens,Boise State,Arizona Jersey Patch Valuation .xlsx:Valuation (24-25 Data)
AZ-volleyball-2024-0315,volleyball,2024,5,Arizona,VCU,ESPN+,A10,neutral,Tucson,AZ,0,0,0,0.000887,887.0,0,2024-08-31,Womens,VCU,Arizona Jersey Patch Valuation .xlsx:Valuation (24-25 Data)
AZ-volleyball-2024-0316,volleyball,2024,5,Arizona,Tennessee State,ESPN+,Big 12,neutral,Tucson,AZ,0,0,0,0.000601,601.0,0,2024-09-01,Womens,Tennessee State,Arizona Jersey Patch Valuation .xlsx:Valuation (24-25 Data)
AZ-volleyball-2024-0317,volleyball,2024,7,Arizona,Abilene Christian,ESPN+,WAC,neutral,Tucson,AZ,0,0,0,0.004243,4243.0,1,2024-09-13,Womens,Abilene Christian,Arizona Jersey Patch Valuation .xlsx:Valuation (24-25 Data)
AZ-volleyball-2024-0318,volleyball,2024,7,Arizona,Texas Southern,ESPN+,Big 12,neutral,Tucson,AZ,0,0,0,0.004243,4243.0,1,2024-09-13,Womens,Texas Southern,Arizona Jersey Patch Valuation .xlsx:Valuation (24-25 Data)
AZ-volleyball-2024-0319,volleyball,2024,7,Arizona,New Mexico State,ESPN+,Big 12,neutral,Tucson,AZ,0,0,0,0.004243,4243.0,1,2024-09-14,Womens,New Mexico State,Arizona Jersey Patch Valuation .xlsx:Valuation (24-25 Data)
AZ-volleyball-2024-0320,volleyball,2024,8,Arizona,North Dakota State,ESPN+,Summit League,home,Tucson,AZ,0,0,1,0.000733,733.0,0,2024-09-19,Womens,North Dakota State,Arizona Jersey Patch Valuation .xlsx:Valuation (24-25 Data)
AZ-volleyball-2024-0321,volleyball,2024,8,Arizona,Southern Utah,ESPN+,Big 12,home,Tucson,AZ,0,0,0,0.000445,445.0,0,2024-09-21,Womens,Southern Utah,Arizona Jersey Patch Valuation .xlsx:Valuation (24-25 Data)
AZ-volleyball-2024-0322,volleyball,2024,8,Baylor,Arizona,ESPN+,Big 12,away,Unknown,ST,0,1,0,0.003266,3266.0,0,2024-09-25,Womens,Baylor,Arizona Jersey Patch Valuation .xlsx:Valuation (24-25 Data)
AZ-volleyball-2024-0323,volleyball,2024,9,TCU,Arizona,ESPN+,Big 12,away,Unknown,ST,0,1,0,0.00084,840.0,0,2024-09-27,Womens,TCU,Arizona Jersey Patch Valuation .xlsx:Valuation (24-25 Data)
AZ-volleyball-2024-0324,volleyball,2024,9,Arizona,BYU,ESPN+,Big 12,home,Tucson,AZ,0,1,1,0.007302,7302.0,0,2024-10-02,Womens,BYU,Arizona Jersey Patch Valuation .xlsx:Valuation (24-25 Data)
AZ-volleyball-2024-0325,volleyball,2024,10,Arizona,Utah,ESPN+,Big 12,home,Tucson,AZ,0,0,0,0.001446,1446.0,0,2024-10-04,Womens,Utah,Arizona Jersey Patch Valuation .xlsx:Valuation (24-25 Data)
AZ-volleyball-2024-0326,volleyball,2024,10,Arizona State,Arizona,ESPN+,Big 12,away,Unknown,ST,0,1,1,0.002914,2914.0,0,2024-10-09,Womens,Arizona State,Arizona Jersey Patch Valuation .xlsx:Valuation (24-25 Data)
AZ-volleyball-2024-0327,volleyball,2024,11,Arizona,Colorado,ESPN+,Big 12,home,Tucson,AZ,0,0,1,0.002736,2736.0,0,2024-10-16,Womens,Colorado,Arizona Jersey Patch Valuation .xlsx:Valuation (24-25 Data)
AZ-volleyball-2024-0328,volleyball,2024,12,Arizona,Houston,ESPN+,Big 12,home,Tucson,AZ,0,0,1,0.001037,1037.0,0,2024-10-18,Womens,Houston,Arizona Jersey Patch Valuation .xlsx:Valuation (24-25 Data)
AZ-volleyball-2024-0329,volleyball,2024,13,Arizona,Arizona State,ESPN+,Big 12,home,Tucson,AZ,0,1,1,0.002121,2121.0,0,2024-10-24,Womens,Arizona State,Arizona Jersey Patch Valuation .xlsx:Valuation (24-25 Data)
AZ-volleyball-2024-0330,volleyball,2024,14,Utah,Arizona,ESPN+,Big 12,away,Unknown,ST,0,1,1,0.001311,1311.0,0,2024-10-31,Womens,Utah,Arizona Jersey Patch Valuation .xlsx:Valuation (24-25 Data)
AZ-volleyball-2024-0331,volleyball,2024,14,BYU,Arizona,ESPN+,Big 12,away,Unknown,ST,0,1,0,0.002967,2967.0,0,2024-11-02,Womens,BYU,Arizona Jersey Patch Valuation .xlsx:Valuation (24-25 Data)
AZ-volleyball-2024-0332,volleyball,2024,14,Arizona,Kansas State,ESPN+,Big 12,home,Tucson,AZ,0,0,1,0.001469,1469.0,0,2024-11-06,Womens,Kansas State,Arizona Jersey Patch Valuation .xlsx:Valuation (24-25 Data)
AZ-volleyball-2024-0333,volleyball,2024,15,Arizona,Kansas,ESPN+,Big 12,home,Tucson,AZ,0,1,1,0.004996,4996.0,0,2024-11-08,Womens,Kansas,Arizona Jersey Patch Valuation .xlsx:Valuation (24-25 Data)
AZ-volleyball-2024-0334,volleyball,2024,16,Cincinatti,Arizona,ESPN+,Big 12,away,Unknown,ST,0,0,0,0.001586,1586.0,0,2024-11-14,Womens,Cincinatti,Arizona Jersey Patch Valuation .xlsx:Valuation (24-25 Data)
AZ-volleyball-2024-0335,volleyball,2024,16,West Virginia,Arizona,ESPN+,Big 12,away,Unknown,ST,0,0,0,0.001095,1095.0,0,2024-11-17,Womens,West Virginia,Arizona Jersey Patch Valuation .xlsx:Valuation (24-25 Data)
AZ-volleyball-2024-0336,volleyball,2024,17,Colorado,Arizona,ESPN+,Big 12,away,Unknown,ST,0,0,1,0.001128,1128.0,0,2024-11-21,Womens,Colorado,Arizona Jersey Patch Valuation .xlsx:Valuation (24-25 Data)
AZ-volleyball-2024-0337,volleyball,2024,17,Arizona,Iowa State,ESPN+,Big 12,home,Tucson,AZ,0,0,0,0.001065,1065.0,0,2024-11-23,Womens,Iowa State,Arizona Jersey Patch Valuation .xlsx:Valuation (24-25 Data)
AZ-volleyball-2024-0338,volleyball,2024,17,Arizona,UCF,ESPN+,Big 12,home,Tucson,AZ,0,0,0,0.001039,1039.0,0,2024-11-27,Womens,UCF,Arizona Jersey Patch Valuation .xlsx:Valuation (24-25 Data)
AZ-volleyball-2024-0339,volleyball,2024,18,Texas Tech,Arizona,ESPN+,Big 12,away,Unknown,ST,0,0,0,0.001191,1191.0,0,2024-11-29,Womens,Texas Tech,Arizona Jersey Patch Valuation .xlsx:Valuation (24-25 Data)
AZ-volleyball-2024-0340,volleyball,2024,19,Arizona,Pacific,ESPN+,WCC,home,Tucson,AZ,0,0,1,0.001112,1112.0,0,2024-12-07,Womens,Pacific,Arizona Jersey Patch Valuation .xlsx:Valuation (24-25 Data)
AZ-volleyball-2024-0341,volleyball,2024,19,Arizona,Wyoming,ESPN+,Big 12,home,Tucson,AZ,0,0,1,0.004616,4616.0,0,2024-12-11,Womens,Wyoming,Arizona Jersey Patch Valuation .xlsx:Valuation (24-25 Data)
AZ-volleyball-2024-0342,volleyball,2024,20,Arizona,Northern Colorado,ESPN+,Big Sky,home,Tucson,AZ,0,0,1,0.008736,8736.0,0,2024-12-12,Womens,Northern Colorado,Arizona Jersey Patch Valuation .xlsx:Valuation (24-25 Data)
AZ-volleyball-2024-0343,volleyball,2024,20,Arizona,Bowling Green,ESPN+,MAC,home,Tucson,AZ,0,0,1,0.005969,5969.0,0,2024-12-17,Womens,Bowling Green,Arizona Jersey Patch Valuation .xlsx:Valuation (24-25 Data)
AZ-volleyball-2024-0344,volleyball,2024,6,Arizona,Alabama State,Hornet Sports Network,Big 12,neutral,Tucson,AZ,0,0,0,0.001,1000.0,0,2024-09-05,Womens,Alabama State,Arizona Jersey Patch Valuation .xlsx:Valuation (24-25 Data)
AZ-volleyball-2024-0345,volleyball,2024,6,Arizona,Prairie View A&M,Hornet Sports Network,Big 12,neutral,Tucson,AZ,0,0,0,0.001,1000.0,0,2024-09-06,Womens,Prairie View A&M,Arizona Jersey Patch Valuation .xlsx:Valuation (24-25 Data)
AZ-volleyball-2024-0346,volleyball,2024,6,Arizona,Alabama,Hornet Sports Network,SEC,neutral,Tucson,AZ,0,0,0,0.001,1000.0,0,2024-09-07,Womens,Alabama,Arizona Jersey Patch Valuation .xlsx:Valuation (24-25 Data)
AZ-beach volleyball-2024-0375,beach volleyball,2024,39,Arizona,Arizona State,ESPN+,Big 12,neutral,Tucson,AZ,0,0,0,0.00064,640.0,0,2025-04-24,Womens,Arizona State,Arizona Jersey Patch Valuation .xlsx:Valuation (24-25 Data)
AZ-beach volleyball-2024-0376,beach volleyball,2024,39,Arizona,Utah,ESPN+,Big 12,neutral,Tucson,AZ,0,0,0,0.00064,640.0,0,2025-04-24,Womens,Utah,Arizona Jersey Patch Valuation .xlsx:Valuation (24-25 Data)
AZ-tennis-2024-0502,tennis,2024,24,Arizona,New Mexico State,PlaySight,Non-Conference,home,Tucson,AZ,0,0,0,0.0001,100.0,0,2025-01-14,Mens,New Mexico State,Arizona Jersey Patch Valuation .xlsx:Valuation (24-25 Data)
AZ-tennis-2024-0503,tennis,2024,24,Arizona,New Mexico State,PlaySight,Non-Conference,home,Tucson,AZ,0,0,0,0.0001,100.0,0,2025-01-15,Mens,New Mexico State,Arizona Jersey Patch Valuation .xlsx:Valuation (24-25 Data)
AZ-tennis-2024-0504,tennis,2024,25,Arizona,Georgia State,PlaySight,Non-Conference,home,Tucson,AZ,0,0,0,0.0001,100.0,0,2025-01-17,Mens,Georgia State,Arizona Jersey Patch Valuation .xlsx:Valuation (24-25 Data)
AZ-tennis-2024-0506,tennis,2024,26,Arizona,USC,PlaySight,Big 12,home,Tucson,AZ,0,0,0,0.0001,100.0,0,2025-01-25,Mens,USC,Arizona Jersey Patch Valuation .xlsx:Valuation (24-25 Data)
AZ-tennis-2024-0507,tennis,2024,26,Arizona,UCF,PlaySight,Big 12,home,Tucson,AZ,0,0,0,0.0001,100.0,0,2025-01-26,Mens,UCF,Arizona Jersey Patch Valuation .xlsx:Valuation (24-25 Data)
AZ-tennis-2024-0508,tennis,2024,28,Arizona,Utah State,PlaySight,Non-Conference,home,Tucson,AZ,0,0,0,0.0001,100.0,0,2025-02-07,Mens,Utah State,Arizona Jersey Patch Valuation .xlsx:Valuation (24-25 Data)
AZ-tennis-2024-0509,tennis,2024,28,Arizona,LMU,PlaySight,Non-Conference,home,Tucson,AZ,0,0,0,0.0001,100.0,0,2025-02-07,Mens,LMU,Arizona Jersey Patch Valuation .xlsx:Valuation (24-25 Data)
AZ-tennis-2024-0510,tennis,2024,28,Arizona,Pepperdine,PlaySight,Non-Conference,home,Tucson,AZ,0,1,0,0.0001,100.0,0,2025-02-09,Mens,Pepperdine,Arizona Jersey Patch Valuation .xlsx:Valuation (24-25 Data)
AZ-tennis-2024-0511,tennis,2024,30,Arizona,San Diego,PlaySight,Non-Conference,home,Tucson,AZ,0,1,0,0.0001,100.0,0,2025-02-21,Mens,San Diego,Arizona Jersey Patch Valuation .xlsx:Valuation (24-25 Data)
AZ-tennis-2024-0512,tennis,2024,31,Arizona,Washington,PlaySight,Big 12,home,Tucson,AZ,0,0,0,0.0001,100.0,0,2025-03-01,Mens,Washington,Arizona Jersey Patch Valuation .xlsx:Valuation (24-25 Data)
AZ-tennis-2024-0513,tennis,2024,31,Arizona,Arizona State,PlaySight,Big 12,home,Tucson,AZ,0,0,0,0.0001,100.0,0,2025-03-01,Mens,Arizona State,Arizona Jersey Patch Valuation .xlsx:Valuation (24-25 Data)
AZ-tennis-2024-0514,tennis,2024,32,Arizona,St. Johns,PlaySight,Non-Conference,home,Tucson,AZ,0,0,0,0.0001,100.0,0,2025-03-07,Mens,St. Johns,Arizona Jersey Patch Valuation .xlsx:Valuation (24-25 Data)
AZ-tennis-2024-0515,tennis,2024,32,Arizona,Northern Arizona,PlaySight,Non-Conference,home,Tucson,AZ,0,0,0,0.0001,100.0,0,2025-03-07,Mens,Northern Arizona,Arizona Jersey Patch Valuation .xlsx:Valuation (24-25 Data)
AZ-tennis-2024-0516,tennis,2024,32,Arizona,Tulsa,PlaySight,Non-Conference,home,Tucson,AZ,0,0,0,0.0001,100.0,0,2025-03-09,Mens,Tulsa,Arizona Jersey Patch Valuation .xlsx:Valuation (24-25 Data)
AZ-tennis-2024-0522,tennis,2024,35,Arizona,Oklahoma State,PlaySight,Big 12,home,Tucson,AZ,0,0,0,0.0001,100.0,0,2025-03-28,Mens,Oklahoma State,Arizona Jersey Patch Valuation .xlsx:Valuation (24-25 Data)
AZ-tennis-2024-0523,tennis,2024,35,Arizona,Texas Tech,PlaySight,Big 12,home,Tucson,AZ,0,0,0,0.0001,100.0,0,2025-03-30,Mens,Texas Tech,Arizona Jersey Patch Valuation .xlsx:Valuation (24-25 Data)
AZ-tennis-2024-0524,tennis,2024,36,Arizona,Utah,PlaySight,Big 12,home,Tucson,AZ,0,0,0,0.0001,100.0,0,2025-04-03,Mens,Utah,Arizona Jersey Patch Valuation .xlsx:Valuation (24-25 Data)
AZ-tennis-2024-0525,tennis,2024,36,Arizona,BYU,PlaySight,Big 12,home,Tucson,AZ,0,0,0,0.0001,100.0,0,2025-04-05,Mens,BYU,Arizona Jersey Patch Valuation .xlsx:Valuation (24-25 Data)
AZ-tennis-2024-0527,tennis,2024,38,Arizona,Texas Tech,ESPN+,Big 12,neutral,Tucson,AZ,0,0,0,0.001612,1612.0,0,2025-04-18,Mens,Texas Tech,Arizona Jersey Patch Valuation .xlsx:Valuation (24-25 Data)
AZ-tennis-2024-0528,tennis,2024,38,Arizona,Baylor,ESPN+,Big 12,neutral,Tucson,AZ,0,0,0,0.000945,945.0,0,2025-04-19,Mens,Baylor,Arizona Jersey Patch Valuation .xlsx:Valuation (24-25 Data)
AZ-tennis-2024-0529,tennis,2024,38,Arizona,UCF,ESPN+,Big 12,neutral,Tucson,AZ,0,0,0,0.001322,1322.0,0,2025-04-20,Mens,UCF,Arizona Jersey Patch Valuation .xlsx:Valuation (24-25 Data)
AZ-tennis-2024-0586,tennis,2024,25,Arizona,LMU,PlaySight,Non-Conference,home,Tucson,AZ,0,0,0,0.0001,100.0,0,2025-01-17,Womens,LMU,Arizona Jersey Patch Valuation .xlsx:Valuation (24-25 Data)
AZ-tennis-2024-0587,tennis,2024,25,Arizona,UC San Diego,PlaySight,Non-Conference,home,Tucson,AZ,0,0,0,0.0001,100.0,0,2025-01-17,Womens,UC San Diego,Arizona Jersey Patch Valuation .xlsx:Valuation (24-25 Data)
AZ-tennis-2024-0588,tennis,2024,25,Arizona,Cal Poly,PlaySight,Non-Conference,home,Tucson,AZ,0,1,0,0.0001,100.0,0,2025-01-20,Womens,Cal Poly,Arizona Jersey Patch Valuation .xlsx:Valuation (24-25 Data)
AZ-tennis-2024-0589,tennis,2024,25,Arizona,Northern Arizona,PlaySight,Non-Conference,home,Tucson,AZ,0,0,0,0.0001,100.0,0,2025-01-20,Womens,Northern Arizona,Arizona Jersey Patch Valuation .xlsx:Valuation (24-25 Data)
AZ-tennis-2024-0590,tennis,2024,26,Arizona,Georgia Tech,PlaySight,Big 12,home,Tucson,AZ,0,0,0,0.0001,100.0,0,2025-01-24,Womens,Georgia Tech,Arizona Jersey Patch Valuation .xlsx:Valuation (24-25 Data)
AZ-tennis-2024-0591,tennis,2024,26,Arizona,Pepperdine,PlaySight,Big 12,home,Tucson,AZ,0,0,0,0.0001,100.0,0,2025-01-25,Womens,Pepperdine,Arizona Jersey Patch Valuation .xlsx:Valuation (24-25 Data)
AZ-tennis-2024-0593,tennis,2024,27,Arizona,San Diego,PlaySight,Non-Conference,home,Tucson,AZ,0,1,0,0.0001,100.0,0,2025-02-01,Womens,San Diego,Arizona Jersey Patch Valuation .xlsx:Valuation (24-25 Data)
AZ-tennis-2024-0594,tennis,2024,29,Arizona,UC Santa Barbara,PlaySight,Non-Conference,home,Tucson,AZ,0,1,0,0.0001,100.0,0,2025-02-14,Womens,UC Santa Barbara,Arizona Jersey Patch Valuation .xlsx:Valuation (24-25 Data)
AZ-tennis-2024-0595,tennis,2024,29,Arizona,Texas Tech,PlaySight,Non-Conference,home,Tucson,AZ,0,1,0,0.0001,100.0,0,2025-02-16,Womens,Texas Tech,Arizona Jersey Patch Valuation .xlsx:Valuation (24-25 Data)
AZ-tennis-2024-0596,tennis,2024,30,Arizona,Colorado State,PlaySight,Non-Conference,home,Tucson,AZ,0,0,0,0.0001,100.0,0,2025-02-22,Womens,Colorado State,Arizona Jersey Patch Valuation .xlsx:Valuation (24-25 Data)
AZ-tennis-2024-0597,tennis,2024,30,Arizona,Buffalo,PlaySight,Non-Conference,home,Tucson,AZ,0,0,0,0.0001,100.0,0,2025-02-22,Womens,Buffalo,Arizona Jersey Patch Valuation .xlsx:Valuation (24-25 Data)
AZ-tennis-2024-0598,tennis,2024,31,Arizona,BYU,PlaySight,Big 12,home,Tucson,AZ,0,1,0,0.0001,100.0,0,2025-02-27,Womens,BYU,Arizona Jersey Patch Valuation .xlsx:Valuation (24-25 Data)
AZ-tennis-2024-0599,tennis,2024,31,Arizona,Utah,PlaySight,Big 12,home,Tucson,AZ,0,0,0,0.0001,100.0,0,2025-03-01,Womens,Utah,Arizona Jersey Patch Valuation .xlsx:Valuation (24-25 Data)
AZ-tennis-2024-0602,tennis,2024,33,Arizona,Cincinnati,PlaySight,Big 12,home,Tucson,AZ,0,0,0,0.0001,100.0,0,2025-03-14,Womens,Cincinnati,Arizona Jersey Patch Valuation .xlsx:Valuation (24-25 Data)
AZ-tennis-2024-0603,tennis,2024,33,Arizona,West Virginia,PlaySight,Big 12,home,Tucson,AZ,0,0,0,0.0001,100.0,0,2025-03-16,Womens,West Virginia,Arizona Jersey Patch Valuation .xlsx:Valuation (24-25 Data)
AZ-tennis-2024-0604,tennis,2024,33,Arizona,Grand Canyon,PlaySight,Non-Conference,home,Tucson,AZ,0,0,0,0.0001,100.0,0,2025-03-16,Womens,Grand Canyon,Arizona Jersey Patch Valuation .xlsx:Valuation (24-25 Data)
AZ-tennis-2024-0606,tennis,2024,34,Arizona,Tulsa,PlaySight,Non-Conference,home,Tucson,AZ,0,1,0,0.0001,100.0,0,2025-03-23,Womens,Tulsa,Arizona Jersey Patch Valuation .xlsx:Valuation (24-25 Data)
AZ-tennis-2024-0608,tennis,2024,35,Arizona,Arizona State,PlaySight,Big 12,home,Tucson,AZ,0,1,0,0.0001,100.0,0,2025-03-29,Womens,Arizona State,Arizona Jersey Patch Valuation .xlsx:Valuation (24-25 Data)
AZ-tennis-2024-0609,tennis,2024,36,Arizona,Baylor,PlaySight,Big 12,home,Tucson,AZ,0,1,0,0.0001,100.0,0,2025-04-04,Womens,Baylor,Arizona Jersey Patch Valuation .xlsx:Valuation (24-25 Data)
AZ-tennis-2024-0610,tennis,2024,36,Arizona,TCU,PlaySight,Big 12,home,Tucson,AZ,0,1,0,0.0001,100.0,0,2025-04-06,Womens,TCU,Arizona Jersey Patch Valuation .xlsx:Valuation (24-25 Data)
AZ-tennis-2024-0613,tennis,2024,38,Arizona,Utah,ESPN+,Big 12,neutral,Tucson,AZ,0,0,0,0.000272,272.0,0,2025-04-17,Womens,Utah,Arizona Jersey Patch Valuation .xlsx:Valuation (24-25 Data)
AZ-tennis-2024-0614,tennis,2024,38,Arizona,Baylor,ESPN+,Big 12,neutral,Tucson,AZ,0,1,0,0.000493,493.0,0,2025-04-18,Womens,Baylor,Arizona Jersey Patch Valuation .xlsx:Valuation (24-25 Data)
NJ-mens_basketball-2024-0002,mens_basketball,2024,14,NJIT,Penn,ESPN+,Non-Conference,home,Newark,NJ,0,0,1,0.0015,1500.0,0,2024-11-04,Mens,Penn,NJIT Jersey Patch Valuation 2024-25.xlsx:NJIT Jersey Patch Valuation
NJ-mens_basketball-2024-0003,mens_basketball,2024,15,Villanova,NJIT,FS1,Non-Conference,away,Unknown,ST,0,1,1,0.105,105000.0,0,2024-11-08,Mens,Villanova,NJIT Jersey Patch Valuation 2024-25.xlsx:NJIT Jersey Patch Valuation
NJ-mens_basketball-2024-0004,mens_basketball,2024,15,NJIT,Loyola (Md.),ESPN+,Non-Conference,home,Newark,NJ,0,0,1,0.0015,1500.0,0,2024-11-12,Mens,Loyola (Md.),NJIT Jersey Patch Valuation 2024-25.xlsx:NJIT Jersey Patch Valuation
NJ-mens_basketball-2024-0005,mens_basketball,2024,16,Morgan State,NJIT,ESPN+,Non-Conference,away,Unknown,ST,0,0,0,0.0015,1500.0,0,2024-11-16,Mens,Morgan State,NJIT Jersey Patch Valuation 2024-25.xlsx:NJIT Jersey Patch Valuation
NJ-mens_basketball-2024-0006,mens_basketball,2024,16,George Washington,NJIT,ESPN+,Non-Conference,away,Unknown,ST,0,0,1,0.0015,1500.0,0,2024-11-18,Mens,George Washington,NJIT Jersey Patch Valuation 2024-25.xlsx:NJIT Jersey Patch Valuation
NJ-mens_basketball-2024-0007,mens_basketball,2024,17,Bucknell,NJIT,ESPN+,Non-Conference,away,Unknown,ST,0,0,1,0.0015,1500.0,0,2024-11-21,Mens,Bucknell,NJIT Jersey Patch Valuation 2024-25.xlsx:NJIT Jersey Patch Valuation
NJ-mens_basketball-2024-0008,mens_basketball,2024,17,Cleveland State,NJIT,ESPN+,Non-Conference,away,Unknown,ST,0,0,1,0.0015,1500.0,0,2024-11-26,Mens,Cleveland State,NJIT Jersey Patch Valuation 2024-25.xlsx:NJIT Jersey Patch Valuation
NJ-mens_basketball-2024-0009,mens_basketball,2024,17,NJIT,Morehead State,ESPN+,OVC,neutral,Newark,NJ,0,0,0,0.0015,1500.0,0,2024-11-27,Mens,Morehead State,NJIT Jersey Patch Valuation 2024-25.xlsx:NJIT Jersey Patch Valuation
NJ-mens_basketball-2024-0010,mens_basketball,2024,18,UMass,NJIT,ESPN+,Non-Conference,away,Unknown,ST,0,0,0,0.0015,1500.0,0,2024-12-01,Mens,UMass,NJIT Jersey Patch Valuation 2024-25.xlsx:NJIT Jersey Patch Valuation
NJ-mens_basketball-2024-0011,mens_basketball,2024,18,Seton Hall,NJIT,FS1,Non-Conference,away,Unknown,ST,0,0,1,0.075,75000.0,0,2024-12-04,Mens,Seton Hall,NJIT Jersey Patch Valuation 2024-25.xlsx:NJIT Jersey Patch Valuation
NJ-mens_basketball-2024-0012,mens_basketball,2024,19,NJIT,Navy,ESPN+,Non-Conference,home,Newark,NJ,0,0,0,0.0015,1500.0,0,2024-12-07,Mens,Navy,NJIT Jersey Patch Valuation 2024-25.xlsx:NJIT Jersey Patch Valuation
NJ-mens_basketball-2024-0013,mens_basketball,2024,19,Delaware State,NJIT,ESPN+,Non-Conference,away,Unknown,ST,0,0,1,0.0015,1500.0,0,2024-12-11,Mens,Delaware State,NJIT Jersey Patch Valuation 2024-25.xlsx:NJIT Jersey Patch Valuation
NJ-mens_basketball-2024-0014,mens_basketball,2024,20,NJIT,Wagner,ESPN+,Non-Conference,home,Newark,NJ,0,0,0,0.0015,1500.0,0,2024-12-14,Mens,Wagner,NJIT Jersey Patch Valuation 2024-25.xlsx:NJIT Jersey Patch Valuation
NJ-mens_basketball-2024-0015,mens_basketball,2024,22,Washington,NJIT,Pac-12 Network,Non-Conference,away,Unknown,ST,0,0,0,0.05,50000.0,0,2024-12-29,Mens,Washington,NJIT Jersey Patch Valuation 2024-25.xlsx:NJIT Jersey Patch Valuation
NJ-mens_basketball-2024-0016,mens_basketball,2024,23,NJIT,Medgar Evers,ESPN+,Non-Conference,home,Newark,NJ,0,0,0,0.0015,1500.0,0,2025-01-04,Mens,Medgar Evers,NJIT Jersey Patch Valuation 2024-25.xlsx:NJIT Jersey Patch Valuation
NJ-mens_basketball-2024-0017,mens_basketball,2024,24,NJIT,UMBC,ESPN+,America East,home,Newark,NJ,0,0,1,0.0015,1500.0,0,2025-01-09,Mens,UMBC,NJIT Jersey Patch Valuation 2024-25.xlsx:NJIT Jersey Patch Valuation
NJ-mens_basketball-2024-0018,mens_basketball,2024,24,UMass Lowell,NJIT,ESPN+,America East,away,Unknown,ST,0,0,0,0.0015,1500.0,0,2025-01-11,Mens,UMass Lowell,NJIT Jersey Patch Valuation 2024-25.xlsx:NJIT Jersey Patch Valuation
NJ-mens_basketball-2024-0019,mens_basketball,2024,25,NJIT,Maine,ESPN+,America East,home,Newark,NJ,0,0,0,0.0015,1500.0,0,2025-01-16,Mens,Maine,NJIT Jersey Patch Valuation 2024-25.xlsx:NJIT Jersey Patch Valuation
NJ-mens_basketball-2024-0020,mens_basketball,2024,25,NJIT,New Hampshire,ESPN+,America East,home,Newark,NJ,0,0,0,0.0015,1500.0,0,2025-01-18,Mens,New Hampshire,NJIT Jersey Patch Valuation 2024-25.xlsx:NJIT Jersey Patch Valuation
NJ-mens_basketball-2024-0021,mens_basketball,2024,26,Vermont,NJIT,ESPN+,America East,away,Unknown,ST,0,0,1,0.0015,1500.0,0,2025-01-23,Mens,Vermont,NJIT Jersey Patch Valuation 2024-25.xlsx:NJIT Jersey Patch Valuation
NJ-mens_basketball-2024-0022,mens_basketball,2024,26,UAlbany,NJIT,ESPN+,America East,away,Unknown,ST,0,0,0,0.0015,1500.0,0,2025-01-25,Mens,UAlbany,NJIT Jersey Patch Valuation 2024-25.xlsx:NJIT Jersey Patch Valuation
NJ-mens_basketball-2024-0023,mens_basketball,2024,27,NJIT,UMass Lowell,ESPN+,America East,home,Newark,NJ,0,0,1,0.0015,1500.0,0,2025-01-30,Mens,UMass Lowell,NJIT Jersey Patch Valuation 2024-25.xlsx:NJIT Jersey Patch Valuation
NJ-mens_basketball-2024-0024,mens_basketball,2024,27,NJIT,Bryant,ESPN+,America East,home,Newark,NJ,0,0,0,0.0015,1500.0,0,2025-02-01,Mens,Bryant,NJIT Jersey Patch Valuation 2024-25.xlsx:NJIT Jersey Patch Valuation
NJ-mens_basketball-2024-0025,mens_basketball,2024,28,Maine,NJIT,ESPN+,America East,away,Unknown,ST,0,0,1,0.0015,1500.0,0,2025-02-06,Mens,Maine,NJIT Jersey Patch Valuation 2024-25.xlsx:NJIT Jersey Patch Valuation
NJ-mens_basketball-2024-0026,mens_basketball,2024,28,New Hampshire,NJIT,ESPN+,America East,away,Unknown,ST,0,0,0,0.0015,1500.0,0,2025-02-08,Mens,New Hampshire,NJIT Jersey Patch Valuation 2024-25.xlsx:NJIT Jersey Patch Valuation
NJ-mens_basketball-2024-0027,mens_basketball,2024,29,Bryant,NJIT,ESPN+,America East,away,Unknown,ST,0,0,1,0.0015,1500.0,0,2025-02-13,Mens,Bryant,NJIT Jersey Patch Valuation 2024-25.xlsx:NJIT Jersey Patch Valuation
NJ-mens_basketball-2024-0028,mens_basketball,2024,29,NJIT,Binghamton,ESPN+,America East,home,Newark,NJ,0,0,0,0.0015,1500.0,0,2025-02-15,Mens,Binghamton,NJIT Jersey Patch Valuation 2024-25.xlsx:NJIT Jersey Patch Valuation
NJ-mens_basketball-2024-0029,mens_basketball,2024,30,UMBC,NJIT,ESPN+,America East,away,Unknown,ST,0,0,0,0.0015,1500.0,0,2025-02-22,Mens,UMBC,NJIT Jersey Patch Valuation 2024-25.xlsx:NJIT Jersey Patch Valuation
NJ-mens_basketball-2024-0030,mens_basketball,2024,31,NJIT,Vermont,ESPN+,America East,home,Newark,NJ,0,0,1,0.0015,1500.0,0,2025-02-27,Mens,Vermont,NJIT Jersey Patch Valuation 2024-25.xlsx:NJIT Jersey Patch Valuation
NJ-mens_basketball-2024-0031,mens_basketball,2024,31,NJIT,UAlbany,ESPN+,America East,home,Newark,NJ,0,0,0,0.0015,1500.0,0,2025-03-01,Mens,UAlbany,NJIT Jersey Patch Valuation 2024-25.xlsx:NJIT Jersey Patch Valuation
NJ-mens_basketball-2024-0032,mens_basketball,2024,31,Binghamton,NJIT,ESPN+,America East,away,Unknown,ST,0,0,1,0.0015,1500.0,0,2025-03-04,Mens,Binghamton,NJIT Jersey Patch Valuation 2024-25.xlsx:NJIT Jersey Patch Valuation
NJ-womens_basketball-2024-0033,womens_basketball,2024,14,Saint Francis U,NJIT,ESPN+,Non-Conference,away,Unknown,ST,0,0,1,0.001,1000.0,0,2024-11-04,Womens,Saint Francis U,NJIT Jersey Patch Valuation 2024-25.xlsx:NJIT Jersey Patch Valuation
NJ-womens_basketball-2024-0034,womens_basketball,2024,15,NJIT,Hofstra,ESPN+,Non-Conference,home,Newark,NJ,0,0,1,0.001,1000.0,0,2024-11-08,Womens,Hofstra,NJIT Jersey Patch Valuation 2024-25.xlsx:NJIT Jersey Patch Valuation
NJ-womens_basketball-2024-0035,womens_basketball,2024,15,Rutgers,NJIT,BTN,Non-Conference,away,Unknown,ST,0,0,0,0.015,15000.0,0,2024-11-10,Womens,Rutgers,NJIT Jersey Patch Valuation 2024-25.xlsx:NJIT Jersey Patch Valuation
NJ-womens_basketball-2024-0036,womens_basketball,2024,15,NJIT,Sacred Heart,ESPN+,Non-Conference,home,Newark,NJ,0,0,1,0.001,1000.0,0,2024-11-13,Womens,Sacred Heart,NJIT Jersey Patch Valuation 2024-25.xlsx:NJIT Jersey Patch Valuation
NJ-womens_basketball-2024-0037,womens_basketball,2024,16,FGCU,NJIT,ESPN+,Non-Conference,away,Unknown,ST,0,0,0,0.001,1000.0,0,2024-11-17,Womens,FGCU,NJIT Jersey Patch Valuation 2024-25.xlsx:NJIT Jersey Patch Valuation
NJ-womens_basketball-2024-0038,womens_basketball,2024,16,NJIT,Army West Point,ESPN+,Non-Conference,home,Newark,NJ,0,0,1,0.001,1000.0,0,2024-11-20,Womens,Army West Point,NJIT Jersey Patch Valuation 2024-25.xlsx:NJIT Jersey Patch Valuation
NJ-womens_basketball-2024-0039,womens_basketball,2024,17,Merrimack,NJIT,ESPN+,Non-Conference,away,Unknown,ST,0,0,0,0.001,1000.0,0,2024-11-23,Womens,Merrimack,NJIT Jersey Patch Valuation 2024-25.xlsx:NJIT Jersey Patch Valuation
NJ-womens_basketball-2024-0040,womens_basketball,2024,17,NJIT,Lafayette,ESPN+,Non-Conference,home,Newark,NJ,0,0,1,0.001,1000.0,0,2024-11-26,Womens,Lafayette,NJIT Jersey Patch Valuation 2024-25.xlsx:NJIT Jersey Patch Valuation
NJ-womens_basketball-2024-0041,womens_basketball,2024,18,Saint Peter's,NJIT,ESPN+,Non-Conference,away,Unknown,ST,0,0,0,0.001,1000.0,0,2024-12-01,Womens,Saint Peter's,NJIT Jersey Patch Valuation 2024-25.xlsx:NJIT Jersey Patch Valuation
NJ-womens_basketball-2024-0042,womens_basketball,2024,18,NJIT,Coppin State,ESPN+,Non-Conference,home,Newark,NJ,0,0,1,0.001,1000.0,0,2024-12-03,Womens,Coppin State,NJIT Jersey Patch Valuation 2024-25.xlsx:NJIT Jersey Patch Valuation
NJ-womens_basketball-2024-0043,womens_basketball,2024,19,NJIT,Monmouth,ESPN+,Non-Conference,home,Newark,NJ,0,0,1,0.001,1000.0,0,2024-12-09,Womens,Monmouth,NJIT Jersey Patch Valuation 2024-25.xlsx:NJIT Jersey Patch Valuation
NJ-womens_basketball-2024-0044,womens_basketball,2024,20,Wagner,NJIT,ESPN+,Non-Conference,away,Unknown,ST,0,0,1,0.001,1000.0,0,2024-12-12,Womens,Wagner,NJIT Jersey Patch Valuation 2024-25.xlsx:NJIT Jersey Patch Valuation
NJ-womens_basketball-2024-0045,womens_basketball,2024,22,LIU,NJIT,ESPN+,Non-Conference,away,Unknown,ST,0,0,1,0.001,1000.0,0,2024-12-30,Womens,LIU,NJIT Jersey Patch Valuation 2024-25.xlsx:NJIT Jersey Patch Valuation
NJ-womens_basketball-2024-0046,womens_basketball,2024,23,NJIT,Binghamton,ESPN+,America East,home,Newark,NJ,0,0,1,0.001,1000.0,0,2025-01-02,Womens,Binghamton,NJIT Jersey Patch Valuation 2024-25.xlsx:NJIT Jersey Patch Valuation
NJ-womens_basketball-2024-0047,womens_basketball,2024,24,UMBC,NJIT,ESPN+,America East,away,Unknown,ST,0,0,1,0.001,1000.0,0,2025-01-09,Womens,UMBC,NJIT Jersey Patch Valuation 2024-25.xlsx:NJIT Jersey Patch Valuation
NJ-womens_basketball-2024-0048,womens_basketball,2024,24,NJIT,UMass Lowell,ESPN+,America East,home,Newark,NJ,0,0,0,0.001,1000.0,0,2025-01-11,Womens,UMass Lowell,NJIT Jersey Patch Valuation 2024-25.xlsx:NJIT Jersey Patch Valuation
NJ-womens_basketball-2024-0049,womens_basketball,2024,25,Maine,NJIT,ESPN+,America East,away,Unknown,ST,0,0,1,0.001,1000.0,0,2025-01-16,Womens,Maine,NJIT Jersey Patch Valuation 2024-25.xlsx:NJIT Jersey Patch Valuation
NJ-womens_basketball-2024-0050,womens_basketball,2024,25,New Hampshire,NJIT,ESPN+,America East,away,Unknown,ST,0,0,1,0.001,1000.0,0,2025-01-18,Womens,New Hampshire,NJIT Jersey Patch Valuation 2024-25.xlsx:NJIT Jersey Patch Valuation
NJ-womens_basketball-2024-0051,womens_basketball,2024,26,NJIT,Vermont,ESPN+,America East,home,Newark,NJ,0,0,1,0.001,1000.0,0,2025-01-23,Womens,Vermont,NJIT Jersey Patch Valuation 2024-25.xlsx:NJIT Jersey Patch Valuation
NJ-womens_basketball-2024-0052,womens_basketball,2024,26,NJIT,UAlbany,ESPN+,America East,home,Newark,NJ,0,0,0,0.001,1000.0,0,2025-01-25,Womens,UAlbany,NJIT Jersey Patch Valuation 2024-25.xlsx:NJIT Jersey Patch Valuation
NJ-womens_basketball-2024-0053,womens_basketball,2024,27,UMass Lowell,NJIT,ESPN+,America East,away,Unknown,ST,0,0,0,0.001,1000.0,0,2025-01-30,Womens,UMass Lowell,NJIT Jersey Patch Valuation 2024-25.xlsx:NJIT Jersey Patch Valuation
NJ-womens_basketball-2024-0054,womens_basketball,2024,27,Bryant,NJIT,ESPN+,America East,away,Unknown,ST,0,0,0,0.001,1000.0,0,2025-02-01,Womens,Bryant,NJIT Jersey Patch Valuation 2024-25.xlsx:NJIT Jersey Patch Valuation
NJ-womens_basketball-2024-0055,womens_basketball,2024,28,NJIT,Maine,ESPN+,America East,home,Newark,NJ,0,0,1,0.001,1000.0,0,2025-02-06,Womens,Maine,NJIT Jersey Patch Valuation 2024-25.xlsx:NJIT Jersey Patch Valuation
NJ-womens_basketball-2024-0056,womens_basketball,2024,28,NJIT,New Hampshire,ESPN+,America East,home,Newark,NJ,0,0,0,0.001,1000.0,0,2025-02-08,Womens,New Hampshire,NJIT Jersey Patch Valuation 2024-25.xlsx:NJIT Jersey Patch Valuation
NJ-womens_basketball-2024-0057,womens_basketball,2024,29,NJIT,Bryant,ESPN+,America East,home,Newark,NJ,0,0,1,0.001,1000.0,0,2025-02-13,Womens,Bryant,NJIT Jersey Patch Valuation 2024-25.xlsx:NJIT Jersey Patch Valuation
NJ-womens_basketball-2024-0058,womens_basketball,2024,29,Binghamton,NJIT,ESPN+,America East,away,Unknown,ST,0,0,0,0.001,1000.0,0,2025-02-15,Womens,Binghamton,NJIT Jersey Patch Valuation 2024-25.xlsx:NJIT Jersey Patch Valuation
NJ-womens_basketball-2024-0059,womens_basketball,2024,30,NJIT,UMBC,ESPN+,America East,home,Newark,NJ,0,0,0,0.001,1000.0,0,2025-02-22,Womens,UMBC,NJIT Jersey Patch Valuation 2024-25.xlsx:NJIT Jersey Patch Valuation
NJ-womens_basketball-2024-0060,womens_basketball,2024,31,Vermont,NJIT,ESPN+,America East,away,Unknown,ST,0,0,1,0.001,1000.0,0,2025-02-27,Womens,Vermont,NJIT Jersey Patch Valuation 2024-25.xlsx:NJIT Jersey Patch Valuation
NJ-womens_basketball-2024-0061,womens_basketball,2024,31,UAlbany,NJIT,ESPN+,America East,away,Unknown,ST,0,0,1,0.001,1000.0,0,2025-03-01,Womens,UAlbany,NJIT Jersey Patch Valuation 2024-25.xlsx:NJIT Jersey Patch Valuation
NJ-womens_basketball-2024-0062,womens_basketball,2024,32,NJIT,Maine,ESPN+,America East,neutral,Newark,NJ,0,1,1,0.0012,1200.0,0,2025-03-06,Womens,Maine,NJIT Jersey Patch Valuation 2024-25.xlsx:NJIT Jersey Patch Valuation
