team,conference,popularity_score,market_size_millions,sport
A&M-Corpus Christi,Southland,32.0,1.0,baseball
Abilene Christian,WAC,34.0,1.0,baseball
Air Force,Mountain West,50.0,1.0,baseball
Akron,MAC,42.0,1.0,baseball
Alabama,SEC,79.9,1.0,baseball
Alabama  State,SWAC,30.0,1.0,baseball
Alabama A&M,SWAC,30.0,1.0,baseball
Alcorn,SWAC,30.0,1.0,baseball
American,Patriot,34.0,1.0,baseball
App State,Sun Belt,62.0,1.0,baseball
Arizona,Big 12,80.0,1.0,baseball
Arizona  State,Big 12,72.0,1.0,baseball
Arizona State,Unknown,74.6,1.0,baseball
Ark.-Pine Bluff,SWAC,30.0,1.0,baseball
Arkansas,SEC,81.6,1.0,baseball
Arkansas  State,Sun Belt,62.0,1.0,baseball
Army West Point,Patriot,34.0,1.0,baseball
Auburn,SEC,89.5,1.0,baseball
Austin Peay,ASUN,40.0,1.0,baseball
BYU,Big 12,72.0,1.0,baseball
Ball  State,MAC,42.0,1.0,baseball
Baylor,Big 12,72.0,1.0,baseball
Bellarmine,ASUN,40.0,1.0,baseball
Belmont,MVC,42.0,1.0,baseball
Bethune-Cookman,SWAC,30.0,1.0,baseball
Binghamton,America East,36.0,1.0,baseball
Boise  State,Mountain West,50.0,1.0,baseball
Boston College,ACC,74.0,1.0,baseball
Boston U.,Patriot,34.0,1.0,baseball
Bowling Green,MAC,42.0,1.0,baseball
Bradley,MVC,42.0,1.0,baseball
Brown,Ivy League,34.0,1.0,baseball
Bryant,America East,36.0,1.0,baseball
Bucknell,Patriot,34.0,1.0,baseball
Buffalo,MAC,42.0,1.0,baseball
Butler,Big East,48.0,1.0,baseball
CSU Bakersfield,Big West,40.0,1.0,baseball
CSUN,Big West,40.0,1.0,baseball
Cal Poly,Big West,40.0,1.0,baseball
Cal St. Fullerton,Big West,40.0,1.0,baseball
California,ACC,74.0,1.0,baseball
California Baptist,WAC,34.0,1.0,baseball
Campbell,CAA,44.0,1.0,baseball
Canisius,MAAC,30.0,1.0,baseball
Central Ark.,ASUN,40.0,1.0,baseball
Central Conn.  State,NEC,32.0,1.0,baseball
Central Mich.,MAC,42.0,1.0,baseball
Charleston So.,Big South,36.0,1.0,baseball
Charlotte,American,58.0,1.0,baseball
Chattanooga,SoCon,38.0,1.0,baseball
Chicago  State,NEC,32.0,1.0,baseball
Cincinnati,Big 12,72.9,1.0,baseball
Clemson,ACC,74.0,1.0,baseball
Cleveland  State,Horizon,36.0,1.0,baseball
Coastal Carolina,Sun Belt,55.0,1.0,baseball
Col. of Charleston,CAA,44.0,1.0,baseball
Colgate,Patriot,34.0,1.0,baseball
Colorado,Big 12,72.0,1.0,baseball
Colorado  State,Mountain West,50.0,1.0,baseball
Columbia,Ivy League,34.0,1.0,baseball
Coppin  State,MEAC,28.0,1.0,baseball
Cornell,Ivy League,34.0,1.0,baseball
Creighton,Big East,48.0,1.0,baseball
Dartmouth,Ivy League,34.0,1.0,baseball
Davidson,Atlantic 10,56.0,1.0,baseball
Dayton,Atlantic 10,56.0,1.0,baseball
DePaul,Big East,48.0,1.0,baseball
Delaware,CUSA,52.0,1.0,baseball
Delaware  State,MEAC,28.0,1.0,baseball
Denver,Summit League,34.0,1.0,baseball
Detroit Mercy,Horizon,36.0,1.0,baseball
Drake,MVC,42.0,1.0,baseball
Drexel,CAA,44.0,1.0,baseball
Duke,ACC,70.0,1.0,baseball
Duquesne,Atlantic 10,56.0,1.0,baseball
ETSU,SoCon,38.0,1.0,baseball
East Carolina,American,58.0,1.0,baseball
East Texas A&M,Southland,32.0,1.0,baseball
Eastern Ill.,OVC,32.0,1.0,baseball
Eastern Ky.,ASUN,40.0,1.0,baseball
Eastern Mich.,MAC,42.0,1.0,baseball
Eastern Wash.,Big Sky,32.0,1.0,baseball
Elon,CAA,44.0,1.0,baseball
Evansville,MVC,42.0,1.0,baseball
FDU,NEC,32.0,1.0,baseball
FGCU,ASUN,40.0,1.0,baseball
FIU,CUSA,52.0,1.0,baseball
Fairfield,MAAC,30.0,1.0,baseball
Fla. Atlantic,American,58.0,1.0,baseball
Florida,SEC,85.1,1.0,baseball
Florida A&M,SWAC,30.0,1.0,baseball
Florida State,ACC,83.4,1.0,baseball
Fordham,Atlantic 10,56.0,1.0,baseball
Fresno  State,Mountain West,50.0,1.0,baseball
Furman,SoCon,38.0,1.0,baseball
Ga. Southern,Sun Belt,62.0,1.0,baseball
Gardner-Webb,Big South,36.0,1.0,baseball
George Mason,Atlantic 10,56.0,1.0,baseball
George Washington,Atlantic 10,56.0,1.0,baseball
Georgetown,Big East,48.0,1.0,baseball
Georgia,SEC,91.2,1.0,baseball
Georgia  State,Sun Belt,62.0,1.0,baseball
Georgia Tech,ACC,92.1,1.0,baseball
Gonzaga,WCC,46.0,1.0,baseball
Grambling,SWAC,30.0,1.0,baseball
Grand Canyon,Mountain West,50.0,1.0,baseball
Green Bay,Horizon,36.0,1.0,baseball
Hampton,CAA,44.0,1.0,baseball
Harvard,Ivy League,34.0,1.0,baseball
Hawaii,Big West,40.0,1.0,baseball
High Point,Big South,36.0,1.0,baseball
Hofstra,CAA,44.0,1.0,baseball
Holy Cross,Patriot,34.0,1.0,baseball
Houston,Big 12,72.0,1.0,baseball
Houston Christian,Southland,32.0,1.0,baseball
Howard,MEAC,28.0,1.0,baseball
IU Indy,Horizon,36.0,1.0,baseball
Idaho,Big Sky,32.0,1.0,baseball
Idaho  State,Big Sky,32.0,1.0,baseball
Illinois,Big Ten,68.0,1.0,baseball
Illinois  State,MVC,42.0,1.0,baseball
Indiana,Big Ten,68.0,1.0,baseball
Indiana  State,MVC,42.0,1.0,baseball
Iona,MAAC,30.0,1.0,baseball
Iowa,Big Ten,68.0,1.0,baseball
Iowa  State,Big 12,72.0,1.0,baseball
Jackson  State,SWAC,30.0,1.0,baseball
Jacksonville,ASUN,40.0,1.0,baseball
Jacksonville  State,CUSA,52.0,1.0,baseball
Jacksonville State,Unknown,75.5,1.0,baseball
James Madison,Sun Belt,62.0,1.0,baseball
Kansas,Big 12,82.5,1.0,baseball
Kansas  State,Big 12,72.0,1.0,baseball
Kansas City,Summit League,34.0,1.0,baseball
Kennesaw  State,CUSA,52.0,1.0,baseball
Kent  State,MAC,42.0,1.0,baseball
Kentucky,SEC,82.0,1.0,baseball
LIU,NEC,32.0,1.0,baseball
LMU (CA),WCC,46.0,1.0,baseball
LSU,SEC,82.0,1.0,baseball
La Salle,Atlantic 10,56.0,1.0,baseball
Lafayette,Patriot,34.0,1.0,baseball
Lamar University,Southland,32.0,1.0,baseball
Le Moyne,NEC,32.0,1.0,baseball
Lehigh,Patriot,34.0,1.0,baseball
Liberty,CUSA,52.0,1.0,baseball
Lindenwood,OVC,32.0,1.0,baseball
Lipscomb,ASUN,40.0,1.0,baseball
Little Rock,OVC,32.0,1.0,baseball
Long Beach  State,Big West,40.0,1.0,baseball
Longwood,Big South,36.0,1.0,baseball
Louisiana,Sun Belt,72.0,1.0,baseball
Louisiana Tech,CUSA,52.0,1.0,baseball
Louisville,ACC,74.0,1.0,baseball
Loyola Chicago,Atlantic 10,56.0,1.0,baseball
Loyola Maryland,Patriot,34.0,1.0,baseball
Maine,America East,36.0,1.0,baseball
Manhattan,MAAC,30.0,1.0,baseball
Marist,MAAC,30.0,1.0,baseball
Marquette,Big East,48.0,1.0,baseball
Marshall,Sun Belt,62.0,1.0,baseball
Maryland,Big Ten,68.0,1.0,baseball
Massachusetts,MAC,42.0,1.0,baseball
McNeese,Southland,32.0,1.0,baseball
Memphis,American,58.0,1.0,baseball
Mercer,SoCon,38.0,1.0,baseball
Mercyhurst,NEC,32.0,1.0,baseball
Merrimack,MAAC,30.0,1.0,baseball
Miami,ACC,74.0,1.0,baseball
Miami (OH),MAC,42.0,1.0,baseball
Michigan,Big Ten,68.0,1.0,baseball
Michigan  State,Big Ten,68.0,1.0,baseball
Middle Tenn.,CUSA,52.0,1.0,baseball
Milwaukee,Horizon,36.0,1.0,baseball
Minnesota,Big Ten,68.0,1.0,baseball
Mississippi  State,SEC,82.0,1.0,baseball
Mississippi State,Unknown,79.0,1.0,baseball
Mississippi Val.,SWAC,30.0,1.0,baseball
Missouri,SEC,82.0,1.0,baseball
Missouri  State,CUSA,52.0,1.0,baseball
Monmouth,CAA,42.3,1.0,baseball
Montana,Big Sky,32.0,1.0,baseball
Montana  State,Big Sky,32.0,1.0,baseball
Morehead  State,OVC,32.0,1.0,baseball
Morgan  State,MEAC,28.0,1.0,baseball
Mount St. Mary's,MAAC,30.0,1.0,baseball
Murray  State,MVC,42.0,1.0,baseball
NC State,ACC,74.0,1.0,baseball
NIU,MAC,42.0,1.0,baseball
NJIT,America East,36.0,1.0,baseball
Navy,Patriot,34.0,1.0,baseball
Nebraska,Big Ten,76.4,1.0,baseball
Nevada,Mountain West,50.0,1.0,baseball
New Hampshire,America East,36.0,1.0,baseball
New Haven,NEC,32.0,1.0,baseball
New Mexico,Mountain West,50.0,1.0,baseball
New Mexico  State,CUSA,52.0,1.0,baseball
New Orleans,Southland,32.0,1.0,baseball
Niagara,MAAC,30.0,1.0,baseball
Nicholls,Southland,32.0,1.0,baseball
Norfolk  State,MEAC,28.0,1.0,baseball
North Ala.,ASUN,40.0,1.0,baseball
North Carolina,ACC,90.4,1.0,baseball
North Carolina A&T,CAA,44.0,1.0,baseball
North Carolina Central,MEAC,28.0,1.0,baseball
North Dakota,Summit League,34.0,1.0,baseball
North Dakota  State,Summit League,34.0,1.0,baseball
North Florida,ASUN,40.0,1.0,baseball
North Texas,American,58.0,1.0,baseball
Northeastern,CAA,44.0,1.0,baseball
Northern Ariz.,Big Sky,32.0,1.0,baseball
Northern Colo.,Big Sky,32.0,1.0,baseball
Northern Ky.,Horizon,36.0,1.0,baseball
Northwestern,Big Ten,68.0,1.0,baseball
Northwestern  State,Southland,32.0,1.0,baseball
Notre Dame,ACC,74.0,1.0,baseball
Oakland,Horizon,36.0,1.0,baseball
Ohio,MAC,42.0,1.0,baseball
Ohio  State,Big Ten,68.0,1.0,baseball
Oklahoma,SEC,82.0,1.0,baseball
Oklahoma  State,Big 12,72.0,1.0,baseball
Oklahoma State,Unknown,77.2,1.0,baseball
Old Dominion,Sun Belt,62.0,1.0,baseball
Ole Miss,SEC,78.1,1.0,baseball
Omaha,Summit League,34.0,1.0,baseball
Oral Roberts,Summit League,34.0,1.0,baseball
Oregon,Big Ten,80.8,1.0,baseball
Oregon  State,WCC,46.0,1.0,baseball
Oregon State,Unknown,86.9,1.0,baseball
Pacific,WCC,46.0,1.0,baseball
Penn,Ivy League,34.0,1.0,baseball
Penn  State,Big Ten,68.0,1.0,baseball
Pepperdine,WCC,46.0,1.0,baseball
Pittsburgh,ACC,74.0,1.0,baseball
Portland,WCC,46.0,1.0,baseball
Portland  State,Big Sky,32.0,1.0,baseball
Prairie View,SWAC,30.0,1.0,baseball
Presbyterian,Big South,36.0,1.0,baseball
Princeton,Ivy League,34.0,1.0,baseball
Providence,Big East,48.0,1.0,baseball
Purdue,Big Ten,68.0,1.0,baseball
Purdue Fort Wayne,Horizon,36.0,1.0,baseball
Queens (NC),ASUN,40.0,1.0,baseball
Quinnipiac,MAAC,30.0,1.0,baseball
Radford,Big South,36.0,1.0,baseball
Rhode Island,Atlantic 10,56.0,1.0,baseball
Rice,American,58.0,1.0,baseball
Richmond,Atlantic 10,56.0,1.0,baseball
Rider,MAAC,30.0,1.0,baseball
Robert Morris,Horizon,36.0,1.0,baseball
Rutgers,Big Ten,68.0,1.0,baseball
SFA,Southland,32.0,1.0,baseball
SIUE,OVC,32.0,1.0,baseball
SMU,ACC,74.0,1.0,baseball
Sacramento  State,Big Sky,32.0,1.0,baseball
Sacred Heart,MAAC,30.0,1.0,baseball
Saint Bonaventure,Atlantic 10,56.0,1.0,baseball
Saint Francis,NEC,32.0,1.0,baseball
Saint Joseph's,Atlantic 10,56.0,1.0,baseball
Saint Louis,Atlantic 10,56.0,1.0,baseball
Saint Mary's,WCC,46.0,1.0,baseball
Saint Peter's,MAAC,30.0,1.0,baseball
Saint Thomas (MN),Summit League,34.0,1.0,baseball
Sam Houston,CUSA,52.0,1.0,baseball
Samford,SoCon,38.0,1.0,baseball
San Diego,WCC,46.0,1.0,baseball
San Diego  State,Mountain West,50.0,1.0,baseball
San Francisco,WCC,46.0,1.0,baseball
San Jose  State,Mountain West,50.0,1.0,baseball
Santa Clara,WCC,46.0,1.0,baseball
Seattle U,WCC,46.0,1.0,baseball
Seton Hall,Big East,48.0,1.0,baseball
Siena,MAAC,30.0,1.0,baseball
South Alabama,Sun Belt,62.0,1.0,baseball
South Carolina,SEC,82.0,1.0,baseball
South Carolina  State,MEAC,28.0,1.0,baseball
South Dakota,Summit League,34.0,1.0,baseball
South Dakota  State,Summit League,34.0,1.0,baseball
South Fla.,American,58.0,1.0,baseball
Southeast Mo.  State,OVC,32.0,1.0,baseball
Southeastern La.,Southland,32.0,1.0,baseball
Southern California,Big Ten,68.0,1.0,baseball
Southern Ill.,MVC,42.0,1.0,baseball
Southern Ind.,OVC,32.0,1.0,baseball
Southern Miss,Unknown,87.8,1.0,baseball
Southern Miss.,Sun Belt,62.0,1.0,baseball
Southern U.,SWAC,30.0,1.0,baseball
Southern Utah,WAC,34.0,1.0,baseball
St. John's,Big East,48.0,1.0,baseball
Stanford,ACC,74.0,1.0,baseball
Stetson,ASUN,40.0,1.0,baseball
Stonehill,NEC,32.0,1.0,baseball
Stony Brook,CAA,44.0,1.0,baseball
Syracuse,ACC,74.0,1.0,baseball
TCU,Big 12,72.0,1.0,baseball
Tarleton  State,WAC,34.0,1.0,baseball
Temple,American,58.0,1.0,baseball
Tennessee,SEC,73.8,1.0,baseball
Tennessee  State,OVC,32.0,1.0,baseball
Tennessee Tech,OVC,32.0,1.0,baseball
Texas,SEC,88.6,1.0,baseball
Texas  State,Sun Belt,62.0,1.0,baseball
Texas A&M,SEC,84.2,1.0,baseball
Texas Southern,SWAC,30.0,1.0,baseball
Texas Tech,Big 12,72.0,1.0,baseball
The Citadel,SoCon,38.0,1.0,baseball
Toledo,MAC,42.0,1.0,baseball
Towson,CAA,44.0,1.0,baseball
Troy,Sun Belt,62.0,1.0,baseball
Tulane,American,58.0,1.0,baseball
Tulsa,American,58.0,1.0,baseball
UAB,American,58.0,1.0,baseball
UAlbany,America East,36.0,1.0,baseball
UC Davis,Big West,40.0,1.0,baseball
UC Irvine,Big West,40.0,1.0,baseball
UC Riverside,Big West,40.0,1.0,baseball
UC San Diego,Big West,40.0,1.0,baseball
UC Santa Barbara,Big West,40.0,1.0,baseball
UCF,Big 12,72.0,1.0,baseball
UCLA,Big Ten,93.0,1.0,baseball
UConn,Big East,48.0,1.0,baseball
UIC,MVC,42.0,1.0,baseball
UIW,Southland,32.0,1.0,baseball
ULM,Sun Belt,62.0,1.0,baseball
UMBC,America East,36.0,1.0,baseball
UMES,MEAC,28.0,1.0,baseball
UMass Lowell,America East,36.0,1.0,baseball
UNC Asheville,Big South,36.0,1.0,baseball
UNC Greensboro,SoCon,38.0,1.0,baseball
UNCW,CAA,44.0,1.0,baseball
UNI,MVC,42.0,1.0,baseball
UNLV,Mountain West,50.0,1.0,baseball
USC Upstate,Big South,36.0,1.0,baseball
UT Arlington,WAC,34.0,1.0,baseball
UT Martin,OVC,32.0,1.0,baseball
UTEP,CUSA,52.0,1.0,baseball
UTRGV,Southland,32.0,1.0,baseball
UTSA,American,58.0,1.0,baseball
Utah,Big 12,72.0,1.0,baseball
Utah  State,Mountain West,50.0,1.0,baseball
Utah Tech,WAC,34.0,1.0,baseball
Utah Valley,WAC,34.0,1.0,baseball
VCU,Atlantic 10,56.0,1.0,baseball
VMI,SoCon,38.0,1.0,baseball
Valparaiso,MVC,42.0,1.0,baseball
Vanderbilt,SEC,82.0,1.0,baseball
Vermont,America East,36.0,1.0,baseball
Villanova,Big East,48.0,1.0,baseball
Virginia,ACC,74.0,1.0,baseball
Virginia Tech,ACC,74.0,1.0,baseball
Wagner,NEC,32.0,1.0,baseball
Wake Forest,ACC,74.0,1.0,baseball
Washington,Big Ten,68.0,1.0,baseball
Washington  State,WCC,46.0,1.0,baseball
Weber  State,Big Sky,32.0,1.0,baseball
West Ga.,ASUN,40.0,1.0,baseball
West Virginia,Big 12,86.0,1.0,baseball
Western Caro.,SoCon,38.0,1.0,baseball
Western Ill.,OVC,32.0,1.0,baseball
Western Ky.,CUSA,52.0,1.0,baseball
Western Mich.,MAC,42.0,1.0,baseball
Wichita  State,American,58.0,1.0,baseball
William & Mary,CAA,44.0,1.0,baseball
Winthrop,Big South,36.0,1.0,baseball
Wisconsin,Big Ten,68.0,1.0,baseball
Wofford,SoCon,38.0,1.0,baseball
Wright  State,Horizon,36.0,1.0,baseball
Wyoming,Mountain West,50.0,1.0,baseball
Xavier,Big East,48.0,1.0,baseball
Yale,Ivy League,34.0,1.0,baseball
Youngstown  State,Horizon,36.0,1.0,baseball
Arizona,Big 12,43.0,1.0,beach volleyball
Abilene Christian,United Athletic,39.6,1.0,football
Air Force,Mountain West,49.0,1.0,football
Akron,MAC,43.5,1.0,football
Alabama,SEC,91.3,1.0,football
Alabama  State,SWAC,36.0,1.0,football
Alabama A&M,SWAC,28.0,1.0,football
Alcorn,SWAC,28.5,1.0,football
App State,Sun Belt,45.9,1.0,football
Arizona,Big 12,94.0,1.0,football
Arizona  State,Big 12,88.1,1.0,football
Ark.-Pine Bluff,SWAC,28.0,1.0,football
Arkansas,SEC,89.0,1.0,football
Arkansas  State,Sun Belt,48.7,1.0,football
Army West Point,American,55.7,1.0,football
Auburn,SEC,93.5,1.0,football
Austin Peay,United Athletic,38.5,1.0,football
BYU,Big 12,88.8,1.0,football
Ball  State,MAC,42.0,1.0,football
Baylor,Big 12,84.5,1.0,football
Bethune-Cookman,SWAC,30.0,1.0,football
Boise  State,Mountain West,54.6,1.0,football
Boston College,ACC,66.0,1.0,football
Bowling Green,MAC,42.0,1.0,football
Brown,Ivy League,34.0,1.0,football
Bryant,CAA,35.5,1.0,football
Bucknell,Patriot,31.5,1.0,football
Buffalo,MAC,43.5,1.0,football
Butler,Pioneer,28.0,1.0,football
Cal Poly,Big Sky,39.0,1.0,football
California,ACC,72.7,1.0,football
Campbell,CAA,34.0,1.0,football
Central Ark.,United Athletic,32.5,1.0,football
Central Conn.  State,NEC,34.1,1.0,football
Central Mich.,MAC,45.7,1.0,football
Charleston So.,Big South-OVC,36.5,1.0,football
Charlotte,American,47.5,1.0,football
Chattanooga,SoCon,36.5,1.0,football
Cincinnati,Big 12,86.7,1.0,football
Clemson,ACC,72.7,1.0,football
Coastal Carolina,Sun Belt,47.3,1.0,football
Colgate,Patriot,31.5,1.0,football
Colorado,Big 12,81.5,1.0,football
Colorado  State,Mountain West,46.0,1.0,football
Columbia,Ivy League,28.6,1.0,football
Cornell,Ivy League,32.2,1.0,football
Dartmouth,Ivy League,37.6,1.0,football
Davidson,Pioneer,28.0,1.0,football
Dayton,Pioneer,30.5,1.0,football
Delaware,CUSA,44.7,1.0,football
Delaware  State,MEAC,33.0,1.0,football
Drake,Pioneer,31.0,1.0,football
Duke,ACC,52.0,1.0,football
Duquesne,NEC,33.5,1.0,football
ETSU,SoCon,39.5,1.0,football
East Carolina,American,58.5,1.0,football
East Texas A&M,Southland,31.5,1.0,football
Eastern Ill.,Big South-OVC,33.5,1.0,football
Eastern Ky.,United Athletic,35.5,1.0,football
Eastern Mich.,MAC,42.0,1.0,football
Eastern Wash.,Big Sky,40.5,1.0,football
Elon,CAA,40.0,1.0,football
FIU,CUSA,44.7,1.0,football
Fla. Atlantic,American,52.0,1.0,football
Florida,SEC,92.0,1.0,football
Florida A&M,SWAC,28.5,1.0,football
Florida State,ACC,62.0,1.0,football
Fordham,Patriot,28.0,1.0,football
Fresno  State,Mountain West,55.5,1.0,football
Furman,SoCon,38.0,1.0,football
Ga. Southern,Sun Belt,48.7,1.0,football
Gardner-Webb,Big South-OVC,39.5,1.0,football
Georgetown,Patriot,33.0,1.0,football
Georgia,SEC,96.3,1.0,football
Georgia  State,Sun Belt,40.5,1.0,football
Georgia Tech,ACC,80.5,1.0,football
Grambling,SWAC,31.5,1.0,football
Hampton,CAA,34.0,1.0,football
Harvard,Ivy League,39.7,1.0,football
Hawaii,Mountain West,55.5,1.0,football
Holy Cross,Patriot,28.5,1.0,football
Houston,Big 12,81.3,1.0,football
Houston Christian,Southland,30.0,1.0,football
Howard,MEAC,28.5,1.0,football
Idaho,Big Sky,39.0,1.0,football
Idaho  State,Big Sky,42.0,1.0,football
Illinois,Big Ten,91.5,1.0,football
Illinois  State,MVFC,48.5,1.0,football
Indiana,Big Ten,98.0,1.0,football
Indiana  State,MVFC,39.5,1.0,football
Iowa,Big Ten,79.7,1.0,football
Iowa  State,Big 12,89.0,1.0,football
Jackson  State,SWAC,34.5,1.0,football
Jacksonville  State,CUSA,46.6,1.0,football
James Madison,Sun Belt,78.8,1.0,football
Kansas,Big 12,84.5,1.0,football
Kansas  State,Big 12,86.0,1.0,football
Kennesaw  State,CUSA,47.9,1.0,football
Kent  State,MAC,43.5,1.0,football
Kentucky,SEC,93.5,1.0,football
LIU,NEC,32.0,1.0,football
LSU,SEC,95.0,1.0,football
Lafayette,Patriot,36.0,1.0,football
Lamar University,Southland,38.1,1.0,football
Lehigh,Patriot,40.6,1.0,football
Liberty,CUSA,41.0,1.0,football
Lindenwood,Big South-OVC,38.0,1.0,football
Louisiana,Sun Belt,47.3,1.0,football
Louisiana Tech,CUSA,46.1,1.0,football
Louisville,ACC,75.5,1.0,football
Maine,CAA,40.0,1.0,football
Marist,Pioneer,28.0,1.0,football
Marshall,Sun Belt,46.5,1.0,football
Maryland,Big Ten,85.0,1.0,football
Massachusetts,MAC,36.0,1.0,football
McNeese,Southland,34.5,1.0,football
Memphis,American,57.1,1.0,football
Mercer,SoCon,42.5,1.0,football
Mercyhurst,NEC,30.5,1.0,football
Merrimack,FCS Independent,33.0,1.0,football
Miami,ACC,90.5,1.0,football
Miami (OH),MAC,45.0,1.0,football
Michigan,Big Ten,83.8,1.0,football
Michigan  State,Big Ten,85.0,1.0,football
Middle Tenn.,CUSA,39.5,1.0,football
Minnesota,Big Ten,90.1,1.0,football
Mississippi  State,SEC,92.9,1.0,football
Mississippi Val.,SWAC,28.0,1.0,football
Missouri,SEC,95.0,1.0,football
Missouri  State,CUSA,44.7,1.0,football
Monmouth,CAA,42.8,1.0,football
Montana,Big Sky,48.6,1.0,football
Montana  State,Big Sky,48.6,1.0,football
Morehead  State,Pioneer,28.0,1.0,football
Morgan  State,MEAC,28.0,1.0,football
Murray  State,MVFC,36.5,1.0,football
NC State,ACC,74.1,1.0,football
NIU,MAC,40.5,1.0,football
Navy,American,61.2,1.0,football
Nebraska,Big Ten,88.7,1.0,football
Nevada,Mountain West,47.5,1.0,football
New Hampshire,CAA,42.1,1.0,football
New Mexico,Mountain West,55.5,1.0,football
New Mexico  State,CUSA,41.0,1.0,football
Nicholls,Southland,33.0,1.0,football
Norfolk  State,MEAC,28.0,1.0,football
North Ala.,United Athletic,31.0,1.0,football
North Carolina,ACC,69.0,1.0,football
North Carolina A&T,CAA,34.0,1.0,football
North Carolina Central,MEAC,33.0,1.0,football
North Dakota,MVFC,45.3,1.0,football
North Dakota  State,MVFC,51.6,1.0,football
North Texas,American,78.0,1.0,football
Northern Ariz.,Big Sky,43.5,1.0,football
Northern Colo.,Big Sky,39.0,1.0,football
Northwestern,Big Ten,88.7,1.0,football
Northwestern  State,Southland,28.5,1.0,football
Notre Dame,FBS Independent,89.7,1.0,football
Ohio,MAC,48.5,1.0,football
Ohio  State,Big Ten,94.4,1.0,football
Ohio State,Unknown,97.2,1.0,football
Oklahoma,SEC,92.2,1.0,football
Oklahoma  State,Big 12,78.5,1.0,football
Old Dominion,Sun Belt,52.8,1.0,football
Ole Miss,SEC,93.8,1.0,football
Oregon,Big Ten,94.7,1.0,football
Oregon  State,Pac-12,64.0,1.0,football
Penn,Ivy League,35.8,1.0,football
Penn  State,Big Ten,88.7,1.0,football
Pittsburgh,ACC,74.1,1.0,football
Portland  State,Big Sky,34.5,1.0,football
Prairie View,SWAC,33.9,1.0,football
Presbyterian,Pioneer,34.0,1.0,football
Princeton,Ivy League,30.4,1.0,football
Purdue,Big Ten,82.0,1.0,football
Rhode Island,CAA,45.1,1.0,football
Rice,American,52.9,1.0,football
Richmond,Patriot,34.5,1.0,football
Robert Morris,NEC,28.0,1.0,football
Rutgers,Big Ten,86.5,1.0,football
SFA,Southland,41.1,1.0,football
SMU,ACC,75.5,1.0,football
Sacramento  State,Big Sky,43.5,1.0,football
Sacred Heart,FCS Independent,39.0,1.0,football
Saint Francis,NEC,28.0,1.0,football
Saint Thomas (MN),Pioneer,29.5,1.0,football
Sam Houston,CUSA,38.0,1.0,football
Samford,SoCon,30.5,1.0,football
San Diego,Pioneer,31.0,1.0,football
San Diego  State,Mountain West,55.5,1.0,football
San Jose  State,Mountain West,47.5,1.0,football
South Alabama,Sun Belt,45.0,1.0,football
South Carolina,SEC,92.0,1.0,football
South Carolina  State,MEAC,34.8,1.0,football
South Dakota,MVFC,47.0,1.0,football
South Dakota  State,MVFC,46.6,1.0,football
South Fla.,American,58.5,1.0,football
Southeast Mo.  State,Big South-OVC,35.0,1.0,football
Southeastern La.,Southland,39.5,1.0,football
Southern Cal,Unknown,85.5,1.0,football
Southern California,Big Ten,91.5,1.0,football
Southern Ill.,MVFC,45.5,1.0,football
Southern Miss.,Sun Belt,48.7,1.0,football
Southern U.,SWAC,28.0,1.0,football
Southern Utah,United Athletic,38.5,1.0,football
Stanford,ACC,69.0,1.0,football
Stetson,Pioneer,28.0,1.0,football
Stonehill,NEC,29.0,1.0,football
Stony Brook,CAA,40.0,1.0,football
Syracuse,ACC,67.5,1.0,football
TCU,Big 12,89.5,1.0,football
Tarleton  State,United Athletic,43.4,1.0,football
Temple,American,53.5,1.0,football
Tennessee,SEC,80.0,1.0,football
Tennessee  State,Big South-OVC,32.0,1.0,football
Tennessee Tech,Big South-OVC,44.2,1.0,football
Texas,SEC,88.0,1.0,football
Texas  State,Sun Belt,48.7,1.0,football
Texas A&M,SEC,93.0,1.0,football
Texas Southern,SWAC,30.8,1.0,football
Texas Tech,Big 12,95.5,1.0,football
The Citadel,SoCon,35.0,1.0,football
Toledo,MAC,48.0,1.0,football
Towson,CAA,40.0,1.0,football
Troy,Sun Belt,49.3,1.0,football
Tulane,American,82.2,1.0,football
Tulsa,American,52.0,1.0,football
UAB,American,52.0,1.0,football
UAlbany,CAA,34.0,1.0,football
UC Davis,Big Sky,45.5,1.0,football
UCF,Big 12,84.5,1.0,football
UCLA,Big Ten,83.5,1.0,football
UConn,FBS Independent,81.5,1.0,football
UIW,Southland,34.5,1.0,football
ULM,Sun Belt,43.5,1.0,football
UNI,MVFC,39.5,1.0,football
UNLV,Mountain West,55.9,1.0,football
USC,Unknown,75.0,1.0,football
UT Martin,Big South-OVC,38.0,1.0,football
UTEP,CUSA,38.0,1.0,football
UTRGV,Southland,40.5,1.0,football
UTSA,American,55.7,1.0,football
Utah,Big 12,86.3,1.0,football
Utah  State,Mountain West,51.3,1.0,football
Utah Tech,United Athletic,31.0,1.0,football
VMI,SoCon,30.5,1.0,football
Valparaiso,Pioneer,28.0,1.0,football
Vanderbilt,SEC,87.2,1.0,football
Villanova,CAA,45.4,1.0,football
Virginia,ACC,83.0,1.0,football
Virginia Tech,ACC,67.5,1.0,football
Wagner,NEC,30.5,1.0,football
Wake Forest,ACC,75.5,1.0,football
Washington,Big Ten,91.5,1.0,football
Washington  State,Pac-12,70.7,1.0,football
Weber  State,Big Sky,39.0,1.0,football
West Ga.,United Athletic,41.1,1.0,football
West Virginia,Big 12,83.0,1.0,football
Western Caro.,SoCon,39.5,1.0,football
Western Ill.,Big South-OVC,35.0,1.0,football
Western Ky.,CUSA,47.5,1.0,football
Western Mich.,MAC,48.9,1.0,football
William & Mary,CAA,41.5,1.0,football
Wisconsin,Big Ten,85.0,1.0,football
Wofford,SoCon,38.0,1.0,football
Wyoming,Mountain West,49.0,1.0,football
Yale,Ivy League,38.5,1.0,football
Youngstown  State,MVFC,46.1,1.0,football
Arizona,Big 12,43.0,1.0,gymnastics
A&M-Corpus Christi,Southland,37.8,1.0,mens_basketball
Abilene Christian,WAC,42.6,1.0,mens_basketball
Air Force,Mountain West,52.7,1.0,mens_basketball
Akron,MAC,60.9,1.0,mens_basketball
Alabama,SEC,81.9,1.0,mens_basketball
Alabama  State,SWAC,30.6,1.0,mens_basketball
Alabama A&M,SWAC,34.8,1.0,mens_basketball
Alcorn,SWAC,30.1,1.0,mens_basketball
American,Patriot,41.0,1.0,mens_basketball
App State,Sun Belt,57.7,1.0,mens_basketball
Arizona,Big 12,84.0,1.0,mens_basketball
Arizona  State,Big 12,76.3,1.0,mens_basketball
Ark.-Pine Bluff,SWAC,32.3,1.0,mens_basketball
Arkansas,SEC,82.6,1.0,mens_basketball
Arkansas  State,Sun Belt,58.2,1.0,mens_basketball
Army West Point,Patriot,38.2,1.0,mens_basketball
Auburn,SEC,79.4,1.0,mens_basketball
Austin Peay,ASUN,50.8,1.0,mens_basketball
BYU,Big 12,78.8,1.0,mens_basketball
Ball  State,MAC,53.0,1.0,mens_basketball
Baylor,Big 12,76.0,1.0,mens_basketball
Bellarmine,ASUN,45.3,1.0,mens_basketball
Belmont,MVC,63.6,1.0,mens_basketball
Bethune-Cookman,SWAC,34.6,1.0,mens_basketball
Binghamton,America East,35.6,1.0,mens_basketball
Boise  State,Mountain West,62.2,1.0,mens_basketball
Boston College,ACC,72.4,1.0,mens_basketball
Boston U.,Patriot,41.0,1.0,mens_basketball
Bowling Green,MAC,56.1,1.0,mens_basketball
Bradley,MVC,60.1,1.0,mens_basketball
Brown,Ivy League,39.0,1.0,mens_basketball
Bryant,America East,36.2,1.0,mens_basketball
Bucknell,Patriot,37.5,1.0,mens_basketball
Buffalo,MAC,55.6,1.0,mens_basketball
Butler,Big East,74.0,1.0,mens_basketball
CSU Bakersfield,Big West,41.5,1.0,mens_basketball
CSUN,Big West,47.6,1.0,mens_basketball
Cal Poly,Big West,44.6,1.0,mens_basketball
Cal St. Fullerton,Big West,46.5,1.0,mens_basketball
California,ACC,77.6,1.0,mens_basketball
California Baptist,WAC,48.2,1.0,mens_basketball
Campbell,CAA,49.5,1.0,mens_basketball
Canisius,MAAC,34.8,1.0,mens_basketball
Central Ark.,ASUN,49.6,1.0,mens_basketball
Central Conn.  State,NEC,37.8,1.0,mens_basketball
Central Mich.,MAC,51.8,1.0,mens_basketball
Charleston So.,Big South,38.4,1.0,mens_basketball
Charlotte,American,62.0,1.0,mens_basketball
Chattanooga,SoCon,42.3,1.0,mens_basketball
Chicago  State,NEC,30.9,1.0,mens_basketball
Cincinnati,Big 12,76.8,1.0,mens_basketball
Clemson,ACC,78.3,1.0,mens_basketball
Cleveland  State,Horizon,46.0,1.0,mens_basketball
Coastal Carolina,Sun Belt,57.7,1.0,mens_basketball
Col. of Charleston,CAA,52.8,1.0,mens_basketball
Colgate,Patriot,41.8,1.0,mens_basketball
Colorado,Big 12,76.3,1.0,mens_basketball
Colorado  State,Mountain West,62.1,1.0,mens_basketball
Columbia,Ivy League,43.3,1.0,mens_basketball
Coppin  State,MEAC,28.1,1.0,mens_basketball
Cornell,Ivy League,42.6,1.0,mens_basketball
Creighton,Big East,73.5,1.0,mens_basketball
Dartmouth,Ivy League,40.3,1.0,mens_basketball
Davidson,Atlantic 10,62.6,1.0,mens_basketball
Dayton,Atlantic 10,64.2,1.0,mens_basketball
DePaul,Big East,74.0,1.0,mens_basketball
Delaware,CUSA,50.8,1.0,mens_basketball
Delaware  State,MEAC,28.6,1.0,mens_basketball
Denver,Summit League,44.4,1.0,mens_basketball
Detroit Mercy,Horizon,49.6,1.0,mens_basketball
Drake,MVC,56.4,1.0,mens_basketball
Drexel,CAA,50.3,1.0,mens_basketball
Duke,ACC,95.0,1.0,mens_basketball
Duquesne,Atlantic 10,61.8,1.0,mens_basketball
ETSU,SoCon,47.2,1.0,mens_basketball
East Carolina,American,59.4,1.0,mens_basketball
East Texas A&M,Southland,34.2,1.0,mens_basketball
Eastern Ill.,OVC,34.1,1.0,mens_basketball
Eastern Ky.,ASUN,44.2,1.0,mens_basketball
Eastern Mich.,MAC,51.8,1.0,mens_basketball
Eastern Wash.,Big Sky,37.6,1.0,mens_basketball
Elon,CAA,48.9,1.0,mens_basketball
Evansville,MVC,52.9,1.0,mens_basketball
FDU,NEC,33.2,1.0,mens_basketball
FGCU,ASUN,46.5,1.0,mens_basketball
FIU,CUSA,53.4,1.0,mens_basketball
Fairfield,MAAC,40.1,1.0,mens_basketball
Fla. Atlantic,American,62.8,1.0,mens_basketball
Florida,SEC,82.9,1.0,mens_basketball
Florida A&M,SWAC,33.7,1.0,mens_basketball
Florida State,ACC,75.8,1.0,mens_basketball
Fordham,Atlantic 10,61.6,1.0,mens_basketball
Fresno  State,Mountain West,58.3,1.0,mens_basketball
Furman,SoCon,46.3,1.0,mens_basketball
Ga. Southern,Sun Belt,57.2,1.0,mens_basketball
Gardner-Webb,Big South,32.2,1.0,mens_basketball
George Mason,Atlantic 10,64.5,1.0,mens_basketball
George Washington,Atlantic 10,61.8,1.0,mens_basketball
Georgetown,Big East,73.5,1.0,mens_basketball
Georgia,SEC,81.0,1.0,mens_basketball
Georgia  State,Sun Belt,52.6,1.0,mens_basketball
Georgia Tech,ACC,72.4,1.0,mens_basketball
Gonzaga,WCC,63.9,1.0,mens_basketball
Grambling,SWAC,32.6,1.0,mens_basketball
Grand Canyon,Mountain West,62.2,1.0,mens_basketball
Green Bay,Horizon,49.8,1.0,mens_basketball
Hampton,CAA,48.3,1.0,mens_basketball
Harvard,Ivy League,43.6,1.0,mens_basketball
Hawaii,Big West,50.1,1.0,mens_basketball
High Point,Big South,45.5,1.0,mens_basketball
Hofstra,CAA,53.3,1.0,mens_basketball
Holy Cross,Patriot,38.0,1.0,mens_basketball
Houston,Big 12,81.6,1.0,mens_basketball
Houston Christian,Southland,34.8,1.0,mens_basketball
Howard,MEAC,36.3,1.0,mens_basketball
IU Indy,Horizon,43.9,1.0,mens_basketball
Idaho,Big Sky,40.5,1.0,mens_basketball
Idaho  State,Big Sky,37.1,1.0,mens_basketball
Illinois,Big Ten,81.6,1.0,mens_basketball
Illinois  State,MVC,60.5,1.0,mens_basketball
Indiana,Big Ten,78.1,1.0,mens_basketball
Indiana  State,MVC,55.2,1.0,mens_basketball
Iona,MAAC,39.1,1.0,mens_basketball
Iowa,Big Ten,79.7,1.0,mens_basketball
Iowa  State,Big 12,81.1,1.0,mens_basketball
Jackson  State,SWAC,31.5,1.0,mens_basketball
Jacksonville,ASUN,44.8,1.0,mens_basketball
Jacksonville  State,CUSA,53.4,1.0,mens_basketball
James Madison,Sun Belt,56.8,1.0,mens_basketball
Kansas,Big 12,84.0,1.0,mens_basketball
Kansas  State,Big 12,73.8,1.0,mens_basketball
Kansas City,Summit League,38.3,1.0,mens_basketball
Kennesaw  State,CUSA,55.8,1.0,mens_basketball
Kent  State,MAC,58.7,1.0,mens_basketball
Kentucky,SEC,85.0,1.0,mens_basketball
LIU,NEC,39.3,1.0,mens_basketball
LMU (CA),WCC,56.4,1.0,mens_basketball
LSU,SEC,77.4,1.0,mens_basketball
La Salle,Atlantic 10,57.1,1.0,mens_basketball
Lafayette,Patriot,38.2,1.0,mens_basketball
Lamar University,Southland,35.0,1.0,mens_basketball
Le Moyne,NEC,35.4,1.0,mens_basketball
Lehigh,Patriot,41.3,1.0,mens_basketball
Liberty,CUSA,58.8,1.0,mens_basketball
Lindenwood,OVC,36.8,1.0,mens_basketball
Lipscomb,ASUN,48.7,1.0,mens_basketball
Little Rock,OVC,33.8,1.0,mens_basketball
Long Beach  State,Big West,42.6,1.0,mens_basketball
Longwood,Big South,39.0,1.0,mens_basketball
Louisiana,Sun Belt,53.0,1.0,mens_basketball
Louisiana Tech,CUSA,55.6,1.0,mens_basketball
Louisville,ACC,78.3,1.0,mens_basketball
Loyola Chicago,Atlantic 10,56.9,1.0,mens_basketball
Loyola Maryland,Patriot,38.8,1.0,mens_basketball
Maine,America East,35.5,1.0,mens_basketball
Manhattan,MAAC,35.8,1.0,mens_basketball
Marist,MAAC,40.0,1.0,mens_basketball
Marquette,Big East,71.8,1.0,mens_basketball
Marshall,Sun Belt,57.7,1.0,mens_basketball
Maryland,Big Ten,74.5,1.0,mens_basketball
Massachusetts,MAC,55.3,1.0,mens_basketball
McNeese,Southland,42.8,1.0,mens_basketball
Memphis,American,60.3,1.0,mens_basketball
Mercer,SoCon,45.7,1.0,mens_basketball
Mercyhurst,NEC,36.0,1.0,mens_basketball
Merrimack,MAAC,41.2,1.0,mens_basketball
Miami,ACC,79.4,1.0,mens_basketball
Miami (OH),MAC,62.9,1.0,mens_basketball
Michigan,Big Ten,84.7,1.0,mens_basketball
Michigan  State,Big Ten,81.9,1.0,mens_basketball
Middle Tenn.,CUSA,54.6,1.0,mens_basketball
Milwaukee,Horizon,46.8,1.0,mens_basketball
Minnesota,Big Ten,76.2,1.0,mens_basketball
Mississippi  State,SEC,76.3,1.0,mens_basketball
Mississippi Val.,SWAC,28.0,1.0,mens_basketball
Missouri,SEC,79.9,1.0,mens_basketball
Missouri  State,CUSA,53.5,1.0,mens_basketball
Monmouth,CAA,58.0,1.0,mens_basketball
Montana,Big Sky,39.5,1.0,mens_basketball
Montana  State,Big Sky,40.1,1.0,mens_basketball
Morehead  State,OVC,37.9,1.0,mens_basketball
Morgan  State,MEAC,32.4,1.0,mens_basketball
Mount St. Mary's,MAAC,37.4,1.0,mens_basketball
Murray  State,MVC,59.9,1.0,mens_basketball
NC State,ACC,76.6,1.0,mens_basketball
NIU,MAC,51.4,1.0,mens_basketball
NJIT,America East,48.0,1.0,mens_basketball
Navy,Patriot,45.8,1.0,mens_basketball
Nebraska,Big Ten,82.4,1.0,mens_basketball
Nevada,Mountain West,62.7,1.0,mens_basketball
New Hampshire,America East,36.4,1.0,mens_basketball
New Haven,NEC,35.1,1.0,mens_basketball
New Mexico,Mountain West,63.6,1.0,mens_basketball
New Mexico  State,CUSA,54.0,1.0,mens_basketball
New Orleans,Southland,36.2,1.0,mens_basketball
Niagara,MAAC,33.8,1.0,mens_basketball
Nicholls,Southland,35.6,1.0,mens_basketball
Norfolk  State,MEAC,32.4,1.0,mens_basketball
North Ala.,ASUN,43.4,1.0,mens_basketball
North Carolina,ACC,88.0,1.0,mens_basketball
North Carolina A&T,CAA,47.6,1.0,mens_basketball
North Carolina Central,MEAC,31.9,1.0,mens_basketball
North Dakota,Summit League,45.3,1.0,mens_basketball
North Dakota  State,Summit League,49.9,1.0,mens_basketball
North Florida,ASUN,41.9,1.0,mens_basketball
North Texas,American,63.4,1.0,mens_basketball
Northeastern,CAA,45.1,1.0,mens_basketball
Northern Ariz.,Big Sky,35.6,1.0,mens_basketball
Northern Colo.,Big Sky,41.2,1.0,mens_basketball
Northern Ky.,Horizon,50.6,1.0,mens_basketball
Northwestern,Big Ten,75.9,1.0,mens_basketball
Northwestern  State,Southland,33.6,1.0,mens_basketball
Notre Dame,ACC,73.5,1.0,mens_basketball
Oakland,Horizon,49.0,1.0,mens_basketball
Ohio,MAC,54.4,1.0,mens_basketball
Ohio  State,Big Ten,79.1,1.0,mens_basketball
Oklahoma,SEC,79.2,1.0,mens_basketball
Oklahoma  State,Big 12,77.3,1.0,mens_basketball
Old Dominion,Sun Belt,53.5,1.0,mens_basketball
Ole Miss,SEC,76.7,1.0,mens_basketball
Omaha,Summit League,44.7,1.0,mens_basketball
Oral Roberts,Summit League,41.5,1.0,mens_basketball
Oregon,Big Ten,74.8,1.0,mens_basketball
Oregon  State,WCC,57.3,1.0,mens_basketball
Pacific,WCC,57.8,1.0,mens_basketball
Penn,Ivy League,43.8,1.0,mens_basketball
Penn  State,Big Ten,74.8,1.0,mens_basketball
Pepperdine,WCC,53.1,1.0,mens_basketball
Pittsburgh,ACC,73.1,1.0,mens_basketball
Portland,WCC,55.9,1.0,mens_basketball
Portland  State,Big Sky,41.6,1.0,mens_basketball
Prairie View,SWAC,34.2,1.0,mens_basketball
Presbyterian,Big South,38.2,1.0,mens_basketball
Princeton,Ivy League,38.6,1.0,mens_basketball
Providence,Big East,73.2,1.0,mens_basketball
Purdue,Big Ten,81.8,1.0,mens_basketball
Purdue Fort Wayne,Horizon,49.6,1.0,mens_basketball
Queens (NC),ASUN,48.8,1.0,mens_basketball
Quinnipiac,MAAC,39.7,1.0,mens_basketball
Radford,Big South,39.0,1.0,mens_basketball
Rhode Island,Atlantic 10,61.0,1.0,mens_basketball
Rice,American,60.5,1.0,mens_basketball
Richmond,Atlantic 10,60.4,1.0,mens_basketball
Rider,MAAC,31.5,1.0,mens_basketball
Robert Morris,Horizon,52.0,1.0,mens_basketball
Rutgers,Big Ten,75.4,1.0,mens_basketball
SFA,Southland,42.8,1.0,mens_basketball
SIUE,OVC,37.7,1.0,mens_basketball
SMU,ACC,76.6,1.0,mens_basketball
Sacramento  State,Big Sky,35.8,1.0,mens_basketball
Sacred Heart,MAAC,36.6,1.0,mens_basketball
Saint Bonaventure,Atlantic 10,61.0,1.0,mens_basketball
Saint Francis,NEC,31.1,1.0,mens_basketball
Saint Joseph's,Atlantic 10,64.0,1.0,mens_basketball
Saint Louis,Atlantic 10,66.9,1.0,mens_basketball
Saint Mary's,WCC,62.7,1.0,mens_basketball
Saint Peter's,MAAC,39.6,1.0,mens_basketball
Saint Thomas (MN),Summit League,48.7,1.0,mens_basketball
Sam Houston,CUSA,56.6,1.0,mens_basketball
Samford,SoCon,45.1,1.0,mens_basketball
San Diego,WCC,54.5,1.0,mens_basketball
San Diego  State,Mountain West,63.0,1.0,mens_basketball
San Francisco,WCC,57.3,1.0,mens_basketball
San Jose  State,Mountain West,55.9,1.0,mens_basketball
Santa Clara,WCC,61.4,1.0,mens_basketball
Seattle U,WCC,58.8,1.0,mens_basketball
Seton Hall,Big East,76.5,1.0,mens_basketball
Siena,MAAC,40.8,1.0,mens_basketball
South Alabama,Sun Belt,58.5,1.0,mens_basketball
South Carolina,SEC,76.3,1.0,mens_basketball
South Carolina  State,MEAC,29.6,1.0,mens_basketball
South Dakota,Summit League,45.0,1.0,mens_basketball
South Dakota  State,Summit League,43.9,1.0,mens_basketball
South Fla.,American,66.2,1.0,mens_basketball
Southeast Mo.  State,OVC,37.9,1.0,mens_basketball
Southeastern La.,Southland,33.2,1.0,mens_basketball
Southern California,Big Ten,78.1,1.0,mens_basketball
Southern Ill.,MVC,58.0,1.0,mens_basketball
Southern Ind.,OVC,31.2,1.0,mens_basketball
Southern Miss.,Sun Belt,56.8,1.0,mens_basketball
Southern U.,SWAC,34.0,1.0,mens_basketball
Southern Utah,WAC,40.6,1.0,mens_basketball
St. John's,Big East,79.6,1.0,mens_basketball
Stanford,ACC,76.9,1.0,mens_basketball
Stetson,ASUN,44.5,1.0,mens_basketball
Stonehill,NEC,33.5,1.0,mens_basketball
Stony Brook,CAA,50.6,1.0,mens_basketball
Syracuse,ACC,74.4,1.0,mens_basketball
TCU,Big 12,78.8,1.0,mens_basketball
Tarleton  State,WAC,42.9,1.0,mens_basketball
Temple,American,62.0,1.0,mens_basketball
Tennessee,SEC,81.2,1.0,mens_basketball
Tennessee  State,OVC,39.5,1.0,mens_basketball
Tennessee Tech,OVC,34.5,1.0,mens_basketball
Texas,SEC,79.5,1.0,mens_basketball
Texas  State,Sun Belt,57.7,1.0,mens_basketball
Texas A&M,SEC,80.6,1.0,mens_basketball
Texas Southern,SWAC,32.2,1.0,mens_basketball
Texas Tech,Big 12,79.2,1.0,mens_basketball
The Citadel,SoCon,41.0,1.0,mens_basketball
Toledo,MAC,56.1,1.0,mens_basketball
Towson,CAA,51.1,1.0,mens_basketball
Troy,Sun Belt,58.6,1.0,mens_basketball
Tulane,American,62.8,1.0,mens_basketball
Tulsa,American,67.2,1.0,mens_basketball
UAB,American,64.2,1.0,mens_basketball
UAlbany,America East,37.2,1.0,mens_basketball
UC Davis,Big West,47.4,1.0,mens_basketball
UC Irvine,Big West,48.8,1.0,mens_basketball
UC Riverside,Big West,42.6,1.0,mens_basketball
UC San Diego,Big West,49.2,1.0,mens_basketball
UC Santa Barbara,Big West,47.1,1.0,mens_basketball
UCF,Big 12,78.5,1.0,mens_basketball
UCLA,Big Ten,80.0,1.0,mens_basketball
UConn,Big East,82.0,1.0,mens_basketball
UIC,MVC,58.8,1.0,mens_basketball
UIW,Southland,35.0,1.0,mens_basketball
ULM,Sun Belt,49.2,1.0,mens_basketball
UMBC,America East,44.1,1.0,mens_basketball
UMES,MEAC,29.1,1.0,mens_basketball
UMass Lowell,America East,39.2,1.0,mens_basketball
UNC Asheville,Big South,38.4,1.0,mens_basketball
UNC Greensboro,SoCon,42.9,1.0,mens_basketball
UNCW,CAA,55.3,1.0,mens_basketball
UNI,MVC,60.5,1.0,mens_basketball
UNLV,Mountain West,60.3,1.0,mens_basketball
USC Upstate,Big South,37.3,1.0,mens_basketball
UT Arlington,WAC,45.1,1.0,mens_basketball
UT Martin,OVC,39.0,1.0,mens_basketball
UTEP,CUSA,51.4,1.0,mens_basketball
UTRGV,Southland,38.4,1.0,mens_basketball
UTSA,American,56.0,1.0,mens_basketball
Utah,Big 12,72.6,1.0,mens_basketball
Utah  State,Mountain West,65.5,1.0,mens_basketball
Utah Tech,WAC,45.1,1.0,mens_basketball
Utah Valley,WAC,48.2,1.0,mens_basketball
VCU,Atlantic 10,66.0,1.0,mens_basketball
VMI,SoCon,38.4,1.0,mens_basketball
Valparaiso,MVC,58.8,1.0,mens_basketball
Vanderbilt,SEC,82.5,1.0,mens_basketball
Vermont,America East,42.6,1.0,mens_basketball
Villanova,Big East,72.0,1.0,mens_basketball
Virginia,ACC,81.0,1.0,mens_basketball
Virginia Tech,ACC,76.7,1.0,mens_basketball
Wagner,NEC,35.1,1.0,mens_basketball
Wake Forest,ACC,75.3,1.0,mens_basketball
Washington,Big Ten,76.7,1.0,mens_basketball
Washington  State,WCC,54.8,1.0,mens_basketball
Weber  State,Big Sky,39.0,1.0,mens_basketball
West Ga.,ASUN,46.4,1.0,mens_basketball
West Virginia,Big 12,77.8,1.0,mens_basketball
Western Caro.,SoCon,43.7,1.0,mens_basketball
Western Ill.,OVC,29.9,1.0,mens_basketball
Western Ky.,CUSA,55.1,1.0,mens_basketball
Western Mich.,MAC,51.8,1.0,mens_basketball
Wichita  State,American,65.0,1.0,mens_basketball
William & Mary,CAA,52.2,1.0,mens_basketball
Winthrop,Big South,42.2,1.0,mens_basketball
Wisconsin,Big Ten,80.3,1.0,mens_basketball
Wofford,SoCon,45.7,1.0,mens_basketball
Wright  State,Horizon,51.8,1.0,mens_basketball
Wyoming,Mountain West,60.8,1.0,mens_basketball
Xavier,Big East,73.2,1.0,mens_basketball
Yale,Ivy League,46.9,1.0,mens_basketball
Youngstown  State,Horizon,48.4,1.0,mens_basketball
Arizona,Big 12,43.0,1.0,soccer
A&M-Corpus Christi,Southland,30.0,1.0,softball
Abilene Christian,WAC,32.0,1.0,softball
Air Force,Mountain West,52.0,1.0,softball
Akron,MAC,40.0,1.0,softball
Alabama,SEC,93.2,1.0,softball
Alabama  State,SWAC,28.0,1.0,softball
Alabama A&M,SWAC,28.0,1.0,softball
Alcorn,SWAC,28.0,1.0,softball
American,Patriot,32.0,1.0,softball
App State,Sun Belt,62.0,1.0,softball
Arizona,Big 12,81.0,1.0,softball
Arizona  State,Big 12,82.0,1.0,softball
Arizona State,Unknown,84.5,1.0,softball
Ark.-Pine Bluff,SWAC,28.0,1.0,softball
Arkansas,SEC,89.8,1.0,softball
Arkansas  State,Sun Belt,62.0,1.0,softball
Army West Point,Patriot,32.0,1.0,softball
Auburn,SEC,88.0,1.0,softball
Austin Peay,ASUN,36.0,1.0,softball
BYU,Big 12,82.0,1.0,softball
Ball  State,MAC,40.0,1.0,softball
Baylor,Big 12,82.0,1.0,softball
Bellarmine,ASUN,36.0,1.0,softball
Belmont,MVC,42.0,1.0,softball
Bethune-Cookman,SWAC,28.0,1.0,softball
Binghamton,America East,34.0,1.0,softball
Boise  State,Mountain West,52.0,1.0,softball
Boston College,ACC,72.0,1.0,softball
Boston U.,Patriot,32.0,1.0,softball
Bowling Green,MAC,40.0,1.0,softball
Bradley,MVC,42.0,1.0,softball
Brown,Ivy League,32.0,1.0,softball
Bryant,America East,34.0,1.0,softball
Bucknell,Patriot,32.0,1.0,softball
Buffalo,MAC,40.0,1.0,softball
Butler,Big East,48.0,1.0,softball
CSU Bakersfield,Big West,36.0,1.0,softball
CSUN,Big West,36.0,1.0,softball
Cal Poly,Big West,36.0,1.0,softball
Cal St. Fullerton,Big West,36.0,1.0,softball
California,ACC,72.0,1.0,softball
California Baptist,WAC,32.0,1.0,softball
Campbell,CAA,38.0,1.0,softball
Canisius,MAAC,28.0,1.0,softball
Central Ark.,ASUN,36.0,1.0,softball
Central Conn.  State,NEC,30.0,1.0,softball
Central Mich.,MAC,40.0,1.0,softball
Charleston So.,Big South,34.0,1.0,softball
Charlotte,American,58.0,1.0,softball
Chattanooga,SoCon,32.0,1.0,softball
Chicago  State,NEC,30.0,1.0,softball
Cincinnati,Big 12,82.0,1.0,softball
Clemson,ACC,74.9,1.0,softball
Cleveland  State,Horizon,34.0,1.0,softball
Coastal Carolina,Sun Belt,62.0,1.0,softball
Col. of Charleston,CAA,38.0,1.0,softball
Colgate,Patriot,32.0,1.0,softball
Colorado,Big 12,82.0,1.0,softball
Colorado  State,Mountain West,52.0,1.0,softball
Columbia,Ivy League,32.0,1.0,softball
Coppin  State,MEAC,28.0,1.0,softball
Cornell,Ivy League,32.0,1.0,softball
Creighton,Big East,48.0,1.0,softball
Dartmouth,Ivy League,32.0,1.0,softball
Davidson,Atlantic 10,44.0,1.0,softball
Dayton,Atlantic 10,44.0,1.0,softball
DePaul,Big East,48.0,1.0,softball
Delaware,CUSA,50.0,1.0,softball
Delaware  State,MEAC,28.0,1.0,softball
Denver,Summit League,32.0,1.0,softball
Detroit Mercy,Horizon,34.0,1.0,softball
Drake,MVC,42.0,1.0,softball
Drexel,CAA,38.0,1.0,softball
Duke,ACC,85.4,1.0,softball
Duquesne,Atlantic 10,44.0,1.0,softball
ETSU,SoCon,32.0,1.0,softball
East Carolina,American,58.0,1.0,softball
East Texas A&M,Southland,30.0,1.0,softball
Eastern Ill.,OVC,30.0,1.0,softball
Eastern Ky.,ASUN,36.0,1.0,softball
Eastern Mich.,MAC,40.0,1.0,softball
Eastern Wash.,Big Sky,30.0,1.0,softball
Elon,CAA,38.0,1.0,softball
Evansville,MVC,42.0,1.0,softball
FDU,NEC,30.0,1.0,softball
FGCU,ASUN,36.0,1.0,softball
FIU,CUSA,50.0,1.0,softball
Fairfield,MAAC,28.0,1.0,softball
Fla. Atlantic,American,58.0,1.0,softball
Florida,SEC,87.1,1.0,softball
Florida A&M,SWAC,28.0,1.0,softball
Florida State,ACC,81.0,1.0,softball
Fordham,Atlantic 10,44.0,1.0,softball
Fresno  State,Mountain West,52.0,1.0,softball
Furman,SoCon,32.0,1.0,softball
Ga. Southern,Sun Belt,62.0,1.0,softball
Gardner-Webb,Big South,34.0,1.0,softball
George Mason,Atlantic 10,44.0,1.0,softball
George Washington,Atlantic 10,44.0,1.0,softball
Georgetown,Big East,48.0,1.0,softball
Georgia,SEC,86.2,1.0,softball
Georgia  State,Sun Belt,62.0,1.0,softball
Georgia Tech,ACC,72.0,1.0,softball
Gonzaga,WCC,46.0,1.0,softball
Grambling,SWAC,28.0,1.0,softball
Grand Canyon,Mountain West,75.8,1.0,softball
Green Bay,Horizon,34.0,1.0,softball
Hampton,CAA,38.0,1.0,softball
Harvard,Ivy League,32.0,1.0,softball
Hawaii,Big West,36.0,1.0,softball
High Point,Big South,34.0,1.0,softball
Hofstra,CAA,38.0,1.0,softball
Holy Cross,Patriot,32.0,1.0,softball
Houston,Big 12,82.0,1.0,softball
Houston Christian,Southland,30.0,1.0,softball
Howard,MEAC,28.0,1.0,softball
IU Indy,Horizon,34.0,1.0,softball
Idaho,Big Sky,30.0,1.0,softball
Idaho  State,Big Sky,30.0,1.0,softball
Illinois,Big Ten,68.0,1.0,softball
Illinois  State,MVC,42.0,1.0,softball
Indiana,Big Ten,68.0,1.0,softball
Indiana  State,MVC,42.0,1.0,softball
Iona,MAAC,28.0,1.0,softball
Iowa,Big Ten,68.0,1.0,softball
Iowa  State,Big 12,82.0,1.0,softball
Jackson  State,SWAC,28.0,1.0,softball
Jacksonville,ASUN,36.0,1.0,softball
Jacksonville  State,CUSA,50.0,1.0,softball
James Madison,Sun Belt,62.0,1.0,softball
Kansas,Big 12,82.0,1.0,softball
Kansas  State,Big 12,82.0,1.0,softball
Kansas City,Summit League,32.0,1.0,softball
Kennesaw  State,CUSA,50.0,1.0,softball
Kent  State,MAC,40.0,1.0,softball
Kentucky,SEC,88.0,1.0,softball
LIU,NEC,30.0,1.0,softball
LMU (CA),WCC,46.0,1.0,softball
LSU,SEC,82.8,1.0,softball
La Salle,Atlantic 10,44.0,1.0,softball
Lafayette,Patriot,32.0,1.0,softball
Lamar University,Southland,30.0,1.0,softball
Le Moyne,NEC,30.0,1.0,softball
Lehigh,Patriot,32.0,1.0,softball
Liberty,CUSA,50.0,1.0,softball
Lindenwood,OVC,30.0,1.0,softball
Lipscomb,ASUN,36.0,1.0,softball
Little Rock,OVC,30.0,1.0,softball
Long Beach  State,Big West,36.0,1.0,softball
Longwood,Big South,34.0,1.0,softball
Louisiana,Sun Belt,62.0,1.0,softball
Louisiana Tech,CUSA,50.0,1.0,softball
Louisville,ACC,72.0,1.0,softball
Loyola Chicago,Atlantic 10,44.0,1.0,softball
Loyola Maryland,Patriot,32.0,1.0,softball
Maine,America East,34.0,1.0,softball
Manhattan,MAAC,28.0,1.0,softball
Marist,MAAC,28.0,1.0,softball
Marquette,Big East,48.0,1.0,softball
Marshall,Sun Belt,62.0,1.0,softball
Maryland,Big Ten,68.0,1.0,softball
Massachusetts,MAC,40.0,1.0,softball
McNeese,Southland,30.0,1.0,softball
Memphis,American,58.0,1.0,softball
Mercer,SoCon,32.0,1.0,softball
Mercyhurst,NEC,30.0,1.0,softball
Merrimack,MAAC,28.0,1.0,softball
Miami,ACC,72.0,1.0,softball
Miami (OH),MAC,40.0,1.0,softball
Michigan,Big Ten,68.0,1.0,softball
Michigan  State,Big Ten,68.0,1.0,softball
Middle Tenn.,CUSA,50.0,1.0,softball
Milwaukee,Horizon,34.0,1.0,softball
Minnesota,Big Ten,68.0,1.0,softball
Mississippi  State,SEC,88.0,1.0,softball
Mississippi State,Unknown,88.9,1.0,softball
Mississippi Val.,SWAC,28.0,1.0,softball
Missouri,SEC,88.0,1.0,softball
Missouri  State,CUSA,50.0,1.0,softball
Monmouth,CAA,38.0,1.0,softball
Montana,Big Sky,30.0,1.0,softball
Montana  State,Big Sky,30.0,1.0,softball
Morehead  State,OVC,30.0,1.0,softball
Morgan  State,MEAC,28.0,1.0,softball
Mount St. Mary's,MAAC,28.0,1.0,softball
Murray  State,MVC,42.0,1.0,softball
NC State,ACC,72.0,1.0,softball
NIU,MAC,40.0,1.0,softball
NJIT,America East,34.0,1.0,softball
Navy,Patriot,32.0,1.0,softball
Nebraska,Big Ten,91.5,1.0,softball
Nevada,Mountain West,52.0,1.0,softball
New Hampshire,America East,34.0,1.0,softball
New Haven,NEC,30.0,1.0,softball
New Mexico,Mountain West,52.0,1.0,softball
New Mexico  State,CUSA,50.0,1.0,softball
New Orleans,Southland,30.0,1.0,softball
Niagara,MAAC,28.0,1.0,softball
Nicholls,Southland,30.0,1.0,softball
Norfolk  State,MEAC,28.0,1.0,softball
North Ala.,ASUN,36.0,1.0,softball
North Carolina,ACC,72.0,1.0,softball
North Carolina A&T,CAA,38.0,1.0,softball
North Carolina Central,MEAC,28.0,1.0,softball
North Dakota,Summit League,32.0,1.0,softball
North Dakota  State,Summit League,32.0,1.0,softball
North Florida,ASUN,36.0,1.0,softball
North Texas,American,58.0,1.0,softball
Northeastern,CAA,38.0,1.0,softball
Northern Ariz.,Big Sky,30.0,1.0,softball
Northern Colo.,Big Sky,30.0,1.0,softball
Northern Ky.,Horizon,34.0,1.0,softball
Northwestern,Big Ten,68.0,1.0,softball
Northwestern  State,Southland,30.0,1.0,softball
Notre Dame,ACC,72.0,1.0,softball
Oakland,Horizon,34.0,1.0,softball
Ohio,MAC,40.0,1.0,softball
Ohio  State,Big Ten,68.0,1.0,softball
Oklahoma,SEC,88.0,1.0,softball
Oklahoma  State,Big 12,82.0,1.0,softball
Oklahoma State,Unknown,83.6,1.0,softball
Old Dominion,Sun Belt,62.0,1.0,softball
Ole Miss,SEC,88.0,1.0,softball
Omaha,Summit League,32.0,1.0,softball
Oral Roberts,Summit League,32.0,1.0,softball
Oregon,Big Ten,78.4,1.0,softball
Oregon  State,WCC,46.0,1.0,softball
Pacific,WCC,46.0,1.0,softball
Penn,Ivy League,32.0,1.0,softball
Penn  State,Big Ten,68.0,1.0,softball
Pepperdine,WCC,46.0,1.0,softball
Pittsburgh,ACC,72.0,1.0,softball
Portland,WCC,46.0,1.0,softball
Portland  State,Big Sky,30.0,1.0,softball
Prairie View,SWAC,28.0,1.0,softball
Presbyterian,Big South,34.0,1.0,softball
Princeton,Ivy League,32.0,1.0,softball
Providence,Big East,48.0,1.0,softball
Purdue,Big Ten,68.0,1.0,softball
Purdue Fort Wayne,Horizon,34.0,1.0,softball
Queens (NC),ASUN,36.0,1.0,softball
Quinnipiac,MAAC,28.0,1.0,softball
Radford,Big South,34.0,1.0,softball
Rhode Island,Atlantic 10,44.0,1.0,softball
Rice,American,58.0,1.0,softball
Richmond,Atlantic 10,44.0,1.0,softball
Rider,MAAC,28.0,1.0,softball
Robert Morris,Horizon,34.0,1.0,softball
Rutgers,Big Ten,68.0,1.0,softball
SFA,Southland,30.0,1.0,softball
SIUE,OVC,30.0,1.0,softball
SMU,ACC,72.0,1.0,softball
Sacramento  State,Big Sky,30.0,1.0,softball
Sacred Heart,MAAC,28.0,1.0,softball
Saint Bonaventure,Atlantic 10,44.0,1.0,softball
Saint Francis,NEC,30.0,1.0,softball
Saint Joseph's,Atlantic 10,44.0,1.0,softball
Saint Louis,Atlantic 10,44.0,1.0,softball
Saint Mary's,WCC,46.0,1.0,softball
Saint Peter's,MAAC,28.0,1.0,softball
Saint Thomas (MN),Summit League,32.0,1.0,softball
Sam Houston,CUSA,50.0,1.0,softball
Samford,SoCon,32.0,1.0,softball
San Diego,WCC,46.0,1.0,softball
San Diego  State,Mountain West,52.0,1.0,softball
San Francisco,WCC,46.0,1.0,softball
San Jose  State,Mountain West,52.0,1.0,softball
Santa Clara,WCC,46.0,1.0,softball
Seattle U,WCC,46.0,1.0,softball
Seton Hall,Big East,48.0,1.0,softball
Siena,MAAC,28.0,1.0,softball
South Alabama,Sun Belt,62.0,1.0,softball
South Carolina,SEC,88.0,1.0,softball
South Carolina  State,MEAC,28.0,1.0,softball
South Dakota,Summit League,32.0,1.0,softball
South Dakota  State,Summit League,32.0,1.0,softball
South Fla.,American,58.0,1.0,softball
Southeast Mo.  State,OVC,30.0,1.0,softball
Southeastern La.,Southland,30.0,1.0,softball
Southern California,Big Ten,68.0,1.0,softball
Southern Ill.,MVC,42.0,1.0,softball
Southern Ind.,OVC,30.0,1.0,softball
Southern Miss.,Sun Belt,62.0,1.0,softball
Southern U.,SWAC,28.0,1.0,softball
Southern Utah,WAC,32.0,1.0,softball
St. John's,Big East,48.0,1.0,softball
Stanford,ACC,76.6,1.0,softball
Stetson,ASUN,36.0,1.0,softball
Stonehill,NEC,30.0,1.0,softball
Stony Brook,CAA,38.0,1.0,softball
Syracuse,ACC,72.0,1.0,softball
TCU,Big 12,82.0,1.0,softball
Tarleton  State,WAC,32.0,1.0,softball
Temple,American,58.0,1.0,softball
Tennessee,SEC,92.4,1.0,softball
Tennessee  State,OVC,30.0,1.0,softball
Tennessee Tech,OVC,30.0,1.0,softball
Texas,SEC,95.0,1.0,softball
Texas  State,Sun Belt,62.0,1.0,softball
Texas A&M,SEC,79.2,1.0,softball
Texas Southern,SWAC,28.0,1.0,softball
Texas Tech,Big 12,94.1,1.0,softball
The Citadel,SoCon,32.0,1.0,softball
Toledo,MAC,40.0,1.0,softball
Towson,CAA,38.0,1.0,softball
Troy,Sun Belt,62.0,1.0,softball
Tulane,American,58.0,1.0,softball
Tulsa,American,58.0,1.0,softball
UAB,American,58.0,1.0,softball
UAlbany,America East,34.0,1.0,softball
UC Davis,Big West,36.0,1.0,softball
UC Irvine,Big West,36.0,1.0,softball
UC Riverside,Big West,36.0,1.0,softball
UC San Diego,Big West,36.0,1.0,softball
UC Santa Barbara,Big West,36.0,1.0,softball
UCF,Big 12,81.9,1.0,softball
UCLA,Big Ten,90.6,1.0,softball
UConn,Big East,48.0,1.0,softball
UIC,MVC,42.0,1.0,softball
UIW,Southland,30.0,1.0,softball
ULM,Sun Belt,62.0,1.0,softball
UMBC,America East,34.0,1.0,softball
UMES,MEAC,28.0,1.0,softball
UMass Lowell,America East,34.0,1.0,softball
UNC Asheville,Big South,34.0,1.0,softball
UNC Greensboro,SoCon,32.0,1.0,softball
UNCW,CAA,38.0,1.0,softball
UNI,MVC,42.0,1.0,softball
UNLV,Mountain West,52.0,1.0,softball
USC Upstate,Big South,34.0,1.0,softball
UT Arlington,WAC,32.0,1.0,softball
UT Martin,OVC,30.0,1.0,softball
UTEP,CUSA,50.0,1.0,softball
UTRGV,Southland,30.0,1.0,softball
UTSA,American,58.0,1.0,softball
Utah,Big 12,82.0,1.0,softball
Utah  State,Mountain West,52.0,1.0,softball
Utah Tech,WAC,32.0,1.0,softball
Utah Valley,WAC,32.0,1.0,softball
VCU,Atlantic 10,44.0,1.0,softball
VMI,SoCon,32.0,1.0,softball
Valparaiso,MVC,42.0,1.0,softball
Vanderbilt,SEC,88.0,1.0,softball
Vermont,America East,34.0,1.0,softball
Villanova,Big East,48.0,1.0,softball
Virginia,ACC,72.0,1.0,softball
Virginia Tech,ACC,80.1,1.0,softball
Wagner,NEC,30.0,1.0,softball
Wake Forest,ACC,72.0,1.0,softball
Washington,Big Ten,68.0,1.0,softball
Washington  State,WCC,46.0,1.0,softball
Weber  State,Big Sky,30.0,1.0,softball
West Ga.,ASUN,36.0,1.0,softball
West Virginia,Big 12,82.0,1.0,softball
Western Caro.,SoCon,32.0,1.0,softball
Western Ill.,OVC,30.0,1.0,softball
Western Ky.,CUSA,50.0,1.0,softball
Western Mich.,MAC,40.0,1.0,softball
Wichita  State,American,58.0,1.0,softball
William & Mary,CAA,38.0,1.0,softball
Winthrop,Big South,34.0,1.0,softball
Wisconsin,Big Ten,68.0,1.0,softball
Wofford,SoCon,32.0,1.0,softball
Wright  State,Horizon,34.0,1.0,softball
Wyoming,Mountain West,52.0,1.0,softball
Xavier,Big East,48.0,1.0,softball
Yale,Ivy League,32.0,1.0,softball
Youngstown  State,Horizon,34.0,1.0,softball
Arizona,Big 12,43.0,1.0,tennis
Arizona,Big 12,43.0,1.0,volleyball
A&M-Corpus Christi,Southland,29.7,1.0,womens_basketball
Abilene Christian,WAC,45.3,1.0,womens_basketball
Air Force,Mountain West,57.2,1.0,womens_basketball
Akron,MAC,48.1,1.0,womens_basketball
Alabama,SEC,79.3,1.0,womens_basketball
Alabama  State,SWAC,32.6,1.0,womens_basketball
Alabama A&M,SWAC,35.0,1.0,womens_basketball
Alcorn,SWAC,32.9,1.0,womens_basketball
American,Patriot,34.2,1.0,womens_basketball
App State,Sun Belt,51.6,1.0,womens_basketball
Arizona,Big 12,82.0,1.0,womens_basketball
Arizona  State,Big 12,77.3,1.0,womens_basketball
Ark.-Pine Bluff,SWAC,31.7,1.0,womens_basketball
Arkansas,SEC,73.8,1.0,womens_basketball
Arkansas  State,Sun Belt,58.1,1.0,womens_basketball
Army West Point,Patriot,43.8,1.0,womens_basketball
Auburn,SEC,75.4,1.0,womens_basketball
Austin Peay,ASUN,46.4,1.0,womens_basketball
BYU,Big 12,77.3,1.0,womens_basketball
Ball  State,MAC,58.2,1.0,womens_basketball
Baylor,Big 12,78.2,1.0,womens_basketball
Bellarmine,ASUN,37.1,1.0,womens_basketball
Belmont,MVC,58.2,1.0,womens_basketball
Bethune-Cookman,SWAC,28.0,1.0,womens_basketball
Binghamton,America East,39.9,1.0,womens_basketball
Boise  State,Mountain West,62.2,1.0,womens_basketball
Boston College,ACC,67.9,1.0,womens_basketball
Boston U.,Patriot,36.4,1.0,womens_basketball
Bowling Green,MAC,53.9,1.0,womens_basketball
Bradley,MVC,57.9,1.0,womens_basketball
Brown,Ivy League,41.7,1.0,womens_basketball
Bryant,America East,39.8,1.0,womens_basketball
Bucknell,Patriot,36.6,1.0,womens_basketball
Buffalo,MAC,45.8,1.0,womens_basketball
Butler,Big East,76.0,1.0,womens_basketball
CSU Bakersfield,Big West,39.2,1.0,womens_basketball
CSUN,Big West,41.0,1.0,womens_basketball
Cal Poly,Big West,37.4,1.0,womens_basketball
Cal St. Fullerton,Big West,45.1,1.0,womens_basketball
California,ACC,75.5,1.0,womens_basketball
California Baptist,WAC,45.2,1.0,womens_basketball
Campbell,CAA,50.2,1.0,womens_basketball
Canisius,MAAC,30.1,1.0,womens_basketball
Central Ark.,ASUN,47.8,1.0,womens_basketball
Central Conn.  State,NEC,28.0,1.0,womens_basketball
Central Mich.,MAC,54.8,1.0,womens_basketball
Charleston So.,Big South,32.8,1.0,womens_basketball
Charlotte,American,58.9,1.0,womens_basketball
Chattanooga,SoCon,44.6,1.0,womens_basketball
Chicago  State,NEC,30.1,1.0,womens_basketball
Cincinnati,Big 12,71.4,1.0,womens_basketball
Clemson,ACC,76.5,1.0,womens_basketball
Cleveland  State,Horizon,51.0,1.0,womens_basketball
Coastal Carolina,Sun Belt,52.9,1.0,womens_basketball
Col. of Charleston,CAA,53.7,1.0,womens_basketball
Colgate,Patriot,34.1,1.0,womens_basketball
Colorado,Big 12,76.6,1.0,womens_basketball
Colorado  State,Mountain West,62.9,1.0,womens_basketball
Columbia,Ivy League,44.6,1.0,womens_basketball
Coppin  State,MEAC,28.0,1.0,womens_basketball
Cornell,Ivy League,37.0,1.0,womens_basketball
Creighton,Big East,78.3,1.0,womens_basketball
Dartmouth,Ivy League,37.7,1.0,womens_basketball
Davidson,Atlantic 10,61.5,1.0,womens_basketball
Dayton,Atlantic 10,59.9,1.0,womens_basketball
DePaul,Big East,73.5,1.0,womens_basketball
Delaware,CUSA,50.3,1.0,womens_basketball
Delaware  State,MEAC,28.0,1.0,womens_basketball
Denver,Summit League,40.6,1.0,womens_basketball
Detroit Mercy,Horizon,42.1,1.0,womens_basketball
Drake,MVC,53.8,1.0,womens_basketball
Drexel,CAA,50.8,1.0,womens_basketball
Duke,ACC,90.0,1.0,womens_basketball
Duquesne,Atlantic 10,57.0,1.0,womens_basketball
ETSU,SoCon,43.5,1.0,womens_basketball
East Carolina,American,63.4,1.0,womens_basketball
East Texas A&M,Southland,33.8,1.0,womens_basketball
Eastern Ill.,OVC,28.0,1.0,womens_basketball
Eastern Ky.,ASUN,49.2,1.0,womens_basketball
Eastern Mich.,MAC,52.1,1.0,womens_basketball
Eastern Wash.,Big Sky,36.2,1.0,womens_basketball
Elon,CAA,48.0,1.0,womens_basketball
Evansville,MVC,52.1,1.0,womens_basketball
FDU,NEC,40.4,1.0,womens_basketball
FGCU,ASUN,45.0,1.0,womens_basketball
FIU,CUSA,54.5,1.0,womens_basketball
Fairfield,MAAC,42.3,1.0,womens_basketball
Fla. Atlantic,American,58.9,1.0,womens_basketball
Florida,SEC,76.8,1.0,womens_basketball
Florida A&M,SWAC,28.2,1.0,womens_basketball
Florida State,ACC,70.8,1.0,womens_basketball
Fordham,Atlantic 10,56.0,1.0,womens_basketball
Fresno  State,Mountain West,57.2,1.0,womens_basketball
Furman,SoCon,43.5,1.0,womens_basketball
Ga. Southern,Sun Belt,58.4,1.0,womens_basketball
Gardner-Webb,Big South,35.0,1.0,womens_basketball
George Mason,Atlantic 10,62.5,1.0,womens_basketball
George Washington,Atlantic 10,59.0,1.0,womens_basketball
Georgetown,Big East,77.1,1.0,womens_basketball
Georgia,SEC,79.4,1.0,womens_basketball
Georgia  State,Sun Belt,50.8,1.0,womens_basketball
Georgia Tech,ACC,72.6,1.0,womens_basketball
Gonzaga,WCC,58.7,1.0,womens_basketball
Grambling,SWAC,30.3,1.0,womens_basketball
Grand Canyon,Mountain West,56.3,1.0,womens_basketball
Green Bay,Horizon,51.2,1.0,womens_basketball
Hampton,CAA,44.8,1.0,womens_basketball
Harvard,Ivy League,42.2,1.0,womens_basketball
Hawaii,Big West,47.0,1.0,womens_basketball
High Point,Big South,42.7,1.0,womens_basketball
Hofstra,CAA,45.0,1.0,womens_basketball
Holy Cross,Patriot,42.5,1.0,womens_basketball
Houston,Big 12,69.2,1.0,womens_basketball
Houston Christian,Southland,31.0,1.0,womens_basketball
Howard,MEAC,35.8,1.0,womens_basketball
IU Indy,Horizon,46.1,1.0,womens_basketball
Idaho,Big Sky,42.9,1.0,womens_basketball
Idaho  State,Big Sky,39.4,1.0,womens_basketball
Illinois,Big Ten,77.6,1.0,womens_basketball
Illinois  State,MVC,58.4,1.0,womens_basketball
Indiana,Big Ten,76.1,1.0,womens_basketball
Indiana  State,MVC,52.6,1.0,womens_basketball
Iona,MAAC,38.2,1.0,womens_basketball
Iowa,Big Ten,80.3,1.0,womens_basketball
Iowa  State,Big 12,77.4,1.0,womens_basketball
Jackson  State,SWAC,30.0,1.0,womens_basketball
Jacksonville,ASUN,49.1,1.0,womens_basketball
Jacksonville  State,CUSA,52.0,1.0,womens_basketball
James Madison,Sun Belt,58.4,1.0,womens_basketball
Kansas,Big 12,76.0,1.0,womens_basketball
Kansas  State,Big 12,74.2,1.0,womens_basketball
Kansas City,Summit League,38.2,1.0,womens_basketball
Kennesaw  State,CUSA,50.8,1.0,womens_basketball
Kent  State,MAC,52.7,1.0,womens_basketball
Kentucky,SEC,79.5,1.0,womens_basketball
LIU,NEC,36.8,1.0,womens_basketball
LMU (CA),WCC,58.2,1.0,womens_basketball
LSU,SEC,81.9,1.0,womens_basketball
La Salle,Atlantic 10,60.4,1.0,womens_basketball
Lafayette,Patriot,36.6,1.0,womens_basketball
Lamar University,Southland,37.6,1.0,womens_basketball
Le Moyne,NEC,31.5,1.0,womens_basketball
Lehigh,Patriot,39.6,1.0,womens_basketball
Liberty,CUSA,53.5,1.0,womens_basketball
Lindenwood,OVC,38.6,1.0,womens_basketball
Lipscomb,ASUN,42.0,1.0,womens_basketball
Little Rock,OVC,33.7,1.0,womens_basketball
Long Beach  State,Big West,38.0,1.0,womens_basketball
Longwood,Big South,40.2,1.0,womens_basketball
Louisiana,Sun Belt,47.9,1.0,womens_basketball
Louisiana Tech,CUSA,57.2,1.0,womens_basketball
Louisville,ACC,79.1,1.0,womens_basketball
Loyola Chicago,Atlantic 10,58.5,1.0,womens_basketball
Loyola Maryland,Patriot,37.2,1.0,womens_basketball
Maine,America East,39.7,1.0,womens_basketball
Manhattan,MAAC,33.4,1.0,womens_basketball
Marist,MAAC,33.4,1.0,womens_basketball
Marquette,Big East,79.8,1.0,womens_basketball
Marshall,Sun Belt,58.6,1.0,womens_basketball
Maryland,Big Ten,79.1,1.0,womens_basketball
Massachusetts,MAC,57.8,1.0,womens_basketball
McNeese,Southland,40.9,1.0,womens_basketball
Memphis,American,56.8,1.0,womens_basketball
Mercer,SoCon,43.2,1.0,womens_basketball
Mercyhurst,NEC,33.4,1.0,womens_basketball
Merrimack,MAAC,37.7,1.0,womens_basketball
Miami,ACC,74.8,1.0,womens_basketball
Miami (OH),MAC,58.4,1.0,womens_basketball
Michigan,Big Ten,80.4,1.0,womens_basketball
Michigan  State,Big Ten,78.9,1.0,womens_basketball
Middle Tenn.,CUSA,52.3,1.0,womens_basketball
Milwaukee,Horizon,42.5,1.0,womens_basketball
Minnesota,Big Ten,79.1,1.0,womens_basketball
Mississippi  State,SEC,77.5,1.0,womens_basketball
Mississippi Val.,SWAC,28.0,1.0,womens_basketball
Missouri,SEC,76.0,1.0,womens_basketball
Missouri  State,CUSA,54.5,1.0,womens_basketball
Monmouth,CAA,56.0,1.0,womens_basketball
Montana,Big Sky,33.2,1.0,womens_basketball
Montana  State,Big Sky,41.9,1.0,womens_basketball
Morehead  State,OVC,34.8,1.0,womens_basketball
Morgan  State,MEAC,28.0,1.0,womens_basketball
Mount St. Mary's,MAAC,36.0,1.0,womens_basketball
Murray  State,MVC,62.9,1.0,womens_basketball
NC State,ACC,76.8,1.0,womens_basketball
NIU,MAC,48.2,1.0,womens_basketball
NJIT,America East,46.0,1.0,womens_basketball
Navy,Patriot,42.8,1.0,womens_basketball
Nebraska,Big Ten,76.7,1.0,womens_basketball
Nevada,Mountain West,54.8,1.0,womens_basketball
New Hampshire,America East,35.0,1.0,womens_basketball
New Haven,NEC,29.3,1.0,womens_basketball
New Mexico,Mountain West,61.4,1.0,womens_basketball
New Mexico  State,CUSA,48.4,1.0,womens_basketball
New Orleans,Southland,28.0,1.0,womens_basketball
Niagara,MAAC,28.0,1.0,womens_basketball
Nicholls,Southland,34.7,1.0,womens_basketball
Norfolk  State,MEAC,31.8,1.0,womens_basketball
North Ala.,ASUN,45.9,1.0,womens_basketball
North Carolina,ACC,79.0,1.0,womens_basketball
North Carolina A&T,CAA,46.2,1.0,womens_basketball
North Carolina Central,MEAC,28.0,1.0,womens_basketball
North Dakota,Summit League,38.1,1.0,womens_basketball
North Dakota  State,Summit League,49.4,1.0,womens_basketball
North Florida,ASUN,41.4,1.0,womens_basketball
North Texas,American,61.4,1.0,womens_basketball
Northeastern,CAA,43.3,1.0,womens_basketball
Northern Ariz.,Big Sky,33.6,1.0,womens_basketball
Northern Colo.,Big Sky,40.2,1.0,womens_basketball
Northern Ky.,Horizon,46.4,1.0,womens_basketball
Northwestern,Big Ten,71.0,1.0,womens_basketball
Northwestern  State,Southland,36.1,1.0,womens_basketball
Notre Dame,ACC,77.5,1.0,womens_basketball
Oakland,Horizon,43.8,1.0,womens_basketball
Ohio,MAC,54.1,1.0,womens_basketball
Ohio  State,Big Ten,79.9,1.0,womens_basketball
Oklahoma,SEC,80.8,1.0,womens_basketball
Oklahoma  State,Big 12,77.7,1.0,womens_basketball
Old Dominion,Sun Belt,55.1,1.0,womens_basketball
Ole Miss,SEC,79.0,1.0,womens_basketball
Omaha,Summit League,37.3,1.0,womens_basketball
Oral Roberts,Summit League,43.0,1.0,womens_basketball
Oregon,Big Ten,77.5,1.0,womens_basketball
Oregon  State,WCC,57.8,1.0,womens_basketball
Pacific,WCC,52.6,1.0,womens_basketball
Penn,Ivy League,42.3,1.0,womens_basketball
Penn  State,Big Ten,72.8,1.0,womens_basketball
Pepperdine,WCC,57.1,1.0,womens_basketball
Pittsburgh,ACC,69.6,1.0,womens_basketball
Portland,WCC,56.3,1.0,womens_basketball
Portland  State,Big Sky,31.5,1.0,womens_basketball
Prairie View,SWAC,28.0,1.0,womens_basketball
Presbyterian,Big South,29.8,1.0,womens_basketball
Princeton,Ivy League,46.6,1.0,womens_basketball
Providence,Big East,77.2,1.0,womens_basketball
Purdue,Big Ten,73.8,1.0,womens_basketball
Purdue Fort Wayne,Horizon,48.8,1.0,womens_basketball
Queens (NC),ASUN,42.0,1.0,womens_basketball
Quinnipiac,MAAC,41.3,1.0,womens_basketball
Radford,Big South,39.5,1.0,womens_basketball
Rhode Island,Atlantic 10,65.3,1.0,womens_basketball
Rice,American,65.9,1.0,womens_basketball
Richmond,Atlantic 10,63.8,1.0,womens_basketball
Rider,MAAC,31.3,1.0,womens_basketball
Robert Morris,Horizon,48.8,1.0,womens_basketball
Rutgers,Big Ten,71.6,1.0,womens_basketball
SFA,Southland,38.9,1.0,womens_basketball
SIUE,OVC,34.0,1.0,womens_basketball
SMU,ACC,70.4,1.0,womens_basketball
Sacramento  State,Big Sky,36.2,1.0,womens_basketball
Sacred Heart,MAAC,34.5,1.0,womens_basketball
Saint Bonaventure,Atlantic 10,59.3,1.0,womens_basketball
Saint Francis,NEC,28.0,1.0,womens_basketball
Saint Joseph's,Atlantic 10,61.6,1.0,womens_basketball
Saint Louis,Atlantic 10,56.5,1.0,womens_basketball
Saint Mary's,WCC,54.4,1.0,womens_basketball
Saint Peter's,MAAC,31.2,1.0,womens_basketball
Saint Thomas (MN),Summit League,43.0,1.0,womens_basketball
Sam Houston,CUSA,53.5,1.0,womens_basketball
Samford,SoCon,41.2,1.0,womens_basketball
San Diego,WCC,52.0,1.0,womens_basketball
San Diego  State,Mountain West,63.7,1.0,womens_basketball
San Francisco,WCC,56.1,1.0,womens_basketball
San Jose  State,Mountain West,51.2,1.0,womens_basketball
Santa Clara,WCC,58.7,1.0,womens_basketball
Seattle U,WCC,49.0,1.0,womens_basketball
Seton Hall,Big East,79.7,1.0,womens_basketball
Siena,MAAC,34.8,1.0,womens_basketball
South Alabama,Sun Belt,53.5,1.0,womens_basketball
South Carolina,SEC,83.2,1.0,womens_basketball
South Carolina  State,MEAC,28.0,1.0,womens_basketball
South Dakota,Summit League,47.0,1.0,womens_basketball
South Dakota  State,Summit League,48.3,1.0,womens_basketball
South Fla.,American,62.2,1.0,womens_basketball
Southeast Mo.  State,OVC,32.9,1.0,womens_basketball
Southeastern La.,Southland,29.1,1.0,womens_basketball
Southern California,Big Ten,76.1,1.0,womens_basketball
Southern Ill.,MVC,53.0,1.0,womens_basketball
Southern Ind.,OVC,36.8,1.0,womens_basketball
Southern Miss.,Sun Belt,53.7,1.0,womens_basketball
Southern U.,SWAC,33.6,1.0,womens_basketball
Southern Utah,WAC,43.7,1.0,womens_basketball
St. John's,Big East,80.6,1.0,womens_basketball
Stanford,ACC,75.8,1.0,womens_basketball
Stetson,ASUN,47.2,1.0,womens_basketball
Stonehill,NEC,32.2,1.0,womens_basketball
Stony Brook,CAA,48.8,1.0,womens_basketball
Syracuse,ACC,78.1,1.0,womens_basketball
TCU,Big 12,80.2,1.0,womens_basketball
Tarleton  State,WAC,41.1,1.0,womens_basketball
Temple,American,59.4,1.0,womens_basketball
Tennessee,SEC,76.6,1.0,womens_basketball
Tennessee  State,OVC,28.1,1.0,womens_basketball
Tennessee Tech,OVC,34.3,1.0,womens_basketball
Texas,SEC,83.2,1.0,womens_basketball
Texas  State,Sun Belt,51.6,1.0,womens_basketball
Texas A&M,SEC,76.3,1.0,womens_basketball
Texas Southern,SWAC,28.8,1.0,womens_basketball
Texas Tech,Big 12,78.8,1.0,womens_basketball
Toledo,MAC,53.6,1.0,womens_basketball
Towson,CAA,48.9,1.0,womens_basketball
Troy,Sun Belt,58.6,1.0,womens_basketball
Tulane,American,57.4,1.0,womens_basketball
Tulsa,American,62.0,1.0,womens_basketball
UAB,American,57.6,1.0,womens_basketball
UAlbany,America East,37.4,1.0,womens_basketball
UC Davis,Big West,47.2,1.0,womens_basketball
UC Irvine,Big West,49.2,1.0,womens_basketball
UC Riverside,Big West,41.2,1.0,womens_basketball
UC San Diego,Big West,48.1,1.0,womens_basketball
UC Santa Barbara,Big West,47.0,1.0,womens_basketball
UCF,Big 12,71.6,1.0,womens_basketball
UCLA,Big Ten,83.5,1.0,womens_basketball
UConn,Big East,90.0,1.0,womens_basketball
UIC,MVC,54.9,1.0,womens_basketball
UIW,Southland,33.8,1.0,womens_basketball
ULM,Sun Belt,54.3,1.0,womens_basketball
UMBC,America East,38.6,1.0,womens_basketball
UMES,MEAC,32.3,1.0,womens_basketball
UMass Lowell,America East,34.0,1.0,womens_basketball
UNC Asheville,Big South,35.2,1.0,womens_basketball
UNC Greensboro,SoCon,41.4,1.0,womens_basketball
UNCW,CAA,43.1,1.0,womens_basketball
UNI,MVC,57.1,1.0,womens_basketball
UNLV,Mountain West,60.8,1.0,womens_basketball
USC Upstate,Big South,34.8,1.0,womens_basketball
UT Arlington,WAC,39.5,1.0,womens_basketball
UT Martin,OVC,32.8,1.0,womens_basketball
UTEP,CUSA,50.8,1.0,womens_basketball
UTRGV,Southland,36.8,1.0,womens_basketball
UTSA,American,60.5,1.0,womens_basketball
Utah,Big 12,75.7,1.0,womens_basketball
Utah  State,Mountain West,52.6,1.0,womens_basketball
Utah Tech,WAC,38.6,1.0,womens_basketball
Utah Valley,WAC,42.3,1.0,womens_basketball
VCU,Atlantic 10,54.6,1.0,womens_basketball
Valparaiso,MVC,47.0,1.0,womens_basketball
Vanderbilt,SEC,82.4,1.0,womens_basketball
Vermont,America East,42.9,1.0,womens_basketball
Villanova,Big East,82.6,1.0,womens_basketball
Virginia,ACC,76.6,1.0,womens_basketball
Virginia Tech,ACC,77.5,1.0,womens_basketball
Wagner,NEC,32.8,1.0,womens_basketball
Wake Forest,ACC,72.9,1.0,womens_basketball
Washington,Big Ten,78.0,1.0,womens_basketball
Washington  State,WCC,50.8,1.0,womens_basketball
Weber  State,Big Sky,34.0,1.0,womens_basketball
West Ga.,ASUN,46.5,1.0,womens_basketball
West Virginia,Big 12,79.4,1.0,womens_basketball
Western Caro.,SoCon,34.9,1.0,womens_basketball
Western Ill.,OVC,39.6,1.0,womens_basketball
Western Ky.,CUSA,48.0,1.0,womens_basketball
Western Mich.,MAC,49.6,1.0,womens_basketball
Wichita  State,American,55.6,1.0,womens_basketball
William & Mary,CAA,48.9,1.0,womens_basketball
Winthrop,Big South,36.4,1.0,womens_basketball
Wisconsin,Big Ten,74.5,1.0,womens_basketball
Wofford,SoCon,42.9,1.0,womens_basketball
Wright  State,Horizon,43.6,1.0,womens_basketball
Wyoming,Mountain West,55.0,1.0,womens_basketball
Xavier,Big East,75.6,1.0,womens_basketball
Yale,Ivy League,35.7,1.0,womens_basketball
Youngstown  State,Horizon,50.9,1.0,womens_basketball
